-- MySQL dump 10.13  Distrib 5.5.29, for Linux (x86_64)
--
-- Host: localhost    Database: repobuild
-- ------------------------------------------------------
-- Server version	5.5.29-log

/*!40101 SET @OLD_CHARACTER_SET_CLIENT=@@CHARACTER_SET_CLIENT */;
/*!40101 SET @OLD_CHARACTER_SET_RESULTS=@@CHARACTER_SET_RESULTS */;
/*!40101 SET @OLD_COLLATION_CONNECTION=@@COLLATION_CONNECTION */;
/*!40101 SET NAMES utf8 */;
/*!40103 SET @OLD_TIME_ZONE=@@TIME_ZONE */;
/*!40103 SET TIME_ZONE='+00:00' */;
/*!40014 SET @OLD_UNIQUE_CHECKS=@@UNIQUE_CHECKS, UNIQUE_CHECKS=0 */;
/*!40014 SET @OLD_FOREIGN_KEY_CHECKS=@@FOREIGN_KEY_CHECKS, FOREIGN_KEY_CHECKS=0 */;
/*!40101 SET @OLD_SQL_MODE=@@SQL_MODE, SQL_MODE='NO_AUTO_VALUE_ON_ZERO' */;
/*!40111 SET @OLD_SQL_NOTES=@@SQL_NOTES, SQL_NOTES=0 */;

--
-- Table structure for table `archs`
--

DROP TABLE IF EXISTS `archs`;
/*!40101 SET @saved_cs_client     = @@character_set_client */;
/*!40101 SET character_set_client = utf8 */;
CREATE TABLE `archs` (
  `id` smallint(2) unsigned NOT NULL AUTO_INCREMENT,
  `name` varchar(64) NOT NULL,
  `display_name` varchar(64) DEFAULT NULL,
  PRIMARY KEY (`id`)
) ENGINE=InnoDB AUTO_INCREMENT=3 DEFAULT CHARSET=utf8;
/*!40101 SET character_set_client = @saved_cs_client */;

--
-- Dumping data for table `archs`
--

LOCK TABLES `archs` WRITE;
/*!40000 ALTER TABLE `archs` DISABLE KEYS */;
INSERT INTO `archs` VALUES (1,'x86_64','x86_64'),(2,'i386','i386');
/*!40000 ALTER TABLE `archs` ENABLE KEYS */;
UNLOCK TABLES;

--
-- Table structure for table `builds`
--

DROP TABLE IF EXISTS `builds`;
/*!40101 SET @saved_cs_client     = @@character_set_client */;
/*!40101 SET character_set_client = utf8 */;
CREATE TABLE `builds` (
  `id` int(11) unsigned NOT NULL AUTO_INCREMENT,
  `repo` int(11) NOT NULL,
  `packet` smallint(3) NOT NULL,
  `key` varchar(32) DEFAULT NULL,
  `builded` enum('yes','no') NOT NULL DEFAULT 'no',
  `version` varchar(32) DEFAULT NULL,
  `failed` enum('yes','no') NOT NULL DEFAULT 'no',
  PRIMARY KEY (`id`)
) ENGINE=InnoDB AUTO_INCREMENT=310 DEFAULT CHARSET=utf8;
/*!40101 SET character_set_client = @saved_cs_client */;

--
-- Dumping data for table `builds`
--

LOCK TABLES `builds` WRITE;
/*!40000 ALTER TABLE `builds` DISABLE KEYS */;
INSERT INTO `builds` VALUES (19,28,1,'bcf4acaf0c0c31e37f49548564143bf3','yes','1.5.0','no'),(39,34,1,'d8c48e1492eb15a9cb16eb392c663696','yes','1.5.0','no'),(43,41,1,'1cf4139ef653f0eb62fd945098036b9e','yes','1.5.0','no'),(44,42,1,'4f61952f0a619b7e135016aac8767b88','yes','1.5.0','no'),(45,42,2,NULL,'no','1.4.1','no'),(46,43,1,'25053d55ac7b04f115755c492bae984d','yes','1.5.0','no'),(47,44,1,'e06a611c338a72c0b963636b6acd4c8f','yes','1.5.0','no'),(49,34,2,'8f64b6d42a6b09530bd1985410b41594','yes','1.4.1','no'),(52,34,3,'505eb8893eb2dde851102da91c5b989d','yes','1.4.5','no'),(55,48,2,'5a54e3c8706ba5987a635081443e85cf','yes','1.4.1','yes'),(58,50,2,NULL,'no','1.4.1','no'),(62,53,1,NULL,'no','1.5.0','no'),(64,55,1,NULL,'no','1.5.0','no'),(65,55,2,NULL,'no','1.4.1','no'),(66,56,1,NULL,'no','1.5.0','no'),(67,57,1,'1bca3e4de3e9e8c0f83eb5a1187ef14f','yes','1.5.0','no'),(68,58,1,'305b1dd80cc4f93b638392f37d3a6e5e','yes','1.5.0','no'),(69,34,4,'8755f3bdcefc1533de20b7e0dd5af948','yes','1.2.8.1','no'),(70,59,1,NULL,'no','1.5.0','no'),(71,27,4,'b991ee614af3781a0d0e984b8856ff63','yes','1.2.8.1','no'),(74,27,1,'1ac526af0ba0d53cc1262045f598e6b9','yes','1.5.0','no'),(77,27,3,'00d9ac98af4b167b8eade20a36523d82','yes','1.4.5','no'),(78,60,1,'ba7b2a41824cd0a3930fa05ca6844838','yes','1.5.0','no'),(79,27,2,'2e79f5e814d5c4a4f20dcdcf29262ebb','yes','1.4.1','no'),(83,61,2,'b9c1f4951e32c230c999b47e3e4298a3','yes','1.4.1','no'),(84,62,1,'5594fdb889c6a3c263a4907d46350b5e','yes','1.5.0','no'),(86,49,4,'3c0d74e527326976eea8515c0214e6dd','yes','1.2.8.1','no'),(87,60,4,'3c0d74e527326976eea8515c0214e6dd','yes','1.2.8.1','no'),(88,64,1,NULL,'no','1.5.0','no'),(89,65,1,'57edb752bd1c278c72b459e08e539fe4','yes','1.5.0','no'),(91,67,5,NULL,'no',NULL,'no'),(92,68,1,'ca2cb3d32847255cfb01bdfbdd510d0a','yes','1.5.0','no'),(93,70,1,'85f44ac120389d90b4c02e4c4f3e752d','yes','1.5.0','no'),(107,49,1,'33a2ae213742ab04b9b3a1c2da543ebe','yes','1.5.0','no'),(125,61,1,'09e5469b0264aed1eae9fb321bd06544','yes','1.5.0','no'),(126,99,1,'d19f2a258c616b7c7d79079112758740','yes','1.5.0','no'),(127,101,1,'b61b7784558a23de0910e90781d77f51','yes','1.5.0','no'),(130,110,1,NULL,'no','1.5.0','no'),(134,113,1,'57edb752bd1c278c72b459e08e539fe4','yes','1.5.0','no'),(135,114,1,'9e1add6df3d5a670bdb610e464795ab6','yes','1.5.0','no'),(143,122,1,'b2a6f48969609e436aaa14f3648eda64','yes','1.5.0','no'),(146,124,1,'61d55ec140787a2f4d1b22bcf2156d41','yes','1.5.0','no'),(149,128,4,'3c0d74e527326976eea8515c0214e6dd','yes','1.2.8.1','no'),(157,137,1,'9d1e5f3268a32b53e2f4c26592517bd0','yes','1.5.0','no'),(162,147,2,'8b39fb4e5fb0744c9a8591a2c541127b','yes','1.4.1','no'),(163,144,1,'c64ec4df605355a5cb7e91cb74b09e9a','yes','1.5.0','no'),(164,149,1,NULL,'no','1.5.0','no'),(167,93,2,'1157bd3625e7269e2bf67d2a57ed45d2','yes','1.4.1','no'),(168,154,2,NULL,'no','1.4.1','no'),(172,164,1,'f246b5ec9baf668d6ca73c48dccadc66','yes','1.5.0','no'),(175,166,1,'b089bf9962273fca620393b21858dcf6','yes','1.5.0','no'),(178,171,2,'b9c1f4951e32c230c999b47e3e4298a3','yes','1.4.1','no'),(180,173,4,NULL,'no','1.2.8.1','no'),(183,174,1,'1004c50eb0c6d996fcb115b2357eaa33','yes','1.5.0','no'),(184,174,2,'1791f087b68d2cc65644c1fd00d49c9f','yes','1.4.1','no'),(191,183,4,'aac8890c0a6527257b1a55048e9e8a95','yes','1.2.8.1','no'),(192,183,1,'bf52b58ed1a46d4bd2fe40d5cf47ff5d','yes','1.5.0','no'),(193,185,2,'5395d5319f95a00a3c6cbe45c92ad685','yes','1.4.1','no'),(201,192,3,'6445a45360ef0a43d55a3181040535ae','yes','1.4.5','no'),(205,199,1,'45814fef441d47b4b303e3cdb0928e45','yes','1.5.0','yes'),(206,199,3,'fff98057a04ac6fc385ab501649adbb0','yes','1.4.5','no'),(207,199,2,'9f72e074d96d3469b14036fa6f3fbb1e','yes','1.4.1','yes'),(208,199,4,'932f1846b7a7b0a298feb686b8b75590','yes','1.2.8.1','no'),(210,202,1,'57edb752bd1c278c72b459e08e539fe4','yes','1.5.0','no'),(219,214,2,'46207751e2f9f4154245dc3a17351afe','yes','1.4.1','no'),(222,216,2,'7c81141f88062b9acc2691285388d1f3','yes','1.4.1','no'),(228,222,1,'38cad455ebe34eb2c6a7a9e53e6d1344','yes','1.5.0','no'),(231,225,1,'0e0a53c41f9dfe88c07c4bb585843018','yes','1.5.0','no'),(232,226,1,'d0966ba23d4f4f07f9a8447b6181d465','yes','1.5.0','no'),(233,227,2,'b9c1f4951e32c230c999b47e3e4298a3','yes','1.4.1','no'),(234,229,3,NULL,'no','1.4.5','no'),(237,232,2,'9eb312446abb9dad9822053855ef10a3','yes','1.4.1','no'),(239,233,2,NULL,'no','1.4.1','no'),(241,235,1,NULL,'no','1.5.0','no'),(247,244,1,NULL,'no','1.5.0','no'),(250,249,2,NULL,'no','1.4.1','no'),(263,256,1,'5158e543e9a5ffc2dff4f72191f1721d','no','1.5.0','no'),(264,258,1,'23b09894dea90e5d27719d55820b2687','yes','1.5.0','no'),(265,256,3,NULL,'no','1.4.5','no'),(266,257,1,'e26f8a1959a11faf92bc7b28fe1d50de','yes','1.5.0','no'),(269,261,1,NULL,'no','1.5.0','no'),(270,264,1,NULL,'no','1.5.0','no'),(271,266,1,'02acf776907decc87fea61badfb042a0','yes','1.5.0','no'),(272,264,2,NULL,'no','1.4.1','no'),(273,257,2,'9f72e074d96d3469b14036fa6f3fbb1e','yes','1.4.1','yes'),(275,270,2,'7e1e8d52e73949672390e1b7b1854a99','yes','1.4.1','no'),(276,274,1,NULL,'no','1.5.0','no'),(277,278,2,NULL,'no','1.4.1','no'),(278,279,1,NULL,'no','1.5.0','no'),(279,279,3,NULL,'no','1.4.5','no'),(280,282,2,NULL,'no','1.4.1','no'),(281,271,1,'2e4a424e87fe813789342ff02e6b38f5','yes','1.5.0','no'),(284,284,2,'b9c1f4951e32c230c999b47e3e4298a3','yes','1.4.1','no'),(285,285,1,'80a62d1eaa09f3d76713349b86d1758c','yes','1.5.0','no'),(286,267,4,NULL,'no','1.2.8.1','no'),(287,256,2,'9f72e074d96d3469b14036fa6f3fbb1e','yes','1.4.1','yes'),(290,290,3,'2c0af871f63f2f2076cb54d13f3ec51d','no','1.4.5','no'),(291,291,1,'61fa664c6b80e25f7d7075c62197d365','no','1.5.0','no'),(292,291,4,NULL,'no','1.2.8.1','no'),(294,256,4,'a2ab50b0df7993d45dc9f98ebfbc2cfb','no','1.2.8.1','no'),(295,295,1,NULL,'no','1.5.0','no'),(296,273,3,NULL,'no','1.4.5','no'),(297,296,1,'4c9040217a453f8a9ecdc527d56804ca','no','1.5.0','no'),(298,296,4,'b43f355168e2ff3b9af86c5655f1c152','no','1.2.8.1','no'),(299,258,3,'00d9ac98af4b167b8eade20a36523d82','no','1.4.5','no'),(300,298,1,NULL,'no','1.5.0','no'),(301,299,2,NULL,'no','1.4.1','no'),(302,295,3,NULL,'no','1.4.5','no'),(303,301,1,'57edb752bd1c278c72b459e08e539fe4','no','1.5.0','no'),(304,300,2,NULL,'no','1.4.1','no'),(305,302,3,'00d9ac98af4b167b8eade20a36523d82','no','1.4.5','no'),(306,303,1,'57edb752bd1c278c72b459e08e539fe4','no','1.5.0','no'),(308,265,1,NULL,'no','1.5.0','no'),(309,304,2,'419e210c0beb7ab2aaf562dbf2ebaa9c','no','1.4.1','no');
/*!40000 ALTER TABLE `builds` ENABLE KEYS */;
UNLOCK TABLES;

--
-- Table structure for table `builds_opts`
--

DROP TABLE IF EXISTS `builds_opts`;
/*!40101 SET @saved_cs_client     = @@character_set_client */;
/*!40101 SET character_set_client = utf8 */;
CREATE TABLE `builds_opts` (
  `id` int(11) unsigned NOT NULL AUTO_INCREMENT,
  `build` int(11) NOT NULL,
  `option` int(11) NOT NULL,
  `value` varchar(255) DEFAULT NULL,
  PRIMARY KEY (`id`)
) ENGINE=InnoDB AUTO_INCREMENT=10910 DEFAULT CHARSET=utf8;
/*!40101 SET character_set_client = @saved_cs_client */;

--
-- Dumping data for table `builds_opts`
--

LOCK TABLES `builds_opts` WRITE;
/*!40000 ALTER TABLE `builds_opts` DISABLE KEYS */;
INSERT INTO `builds_opts` VALUES (336,19,4,NULL),(337,19,5,NULL),(338,19,7,NULL),(339,19,8,NULL),(340,19,12,NULL),(341,19,48,NULL),(342,19,61,'/usr/share/nginx'),(343,19,62,'/usr/sbin/nginx'),(344,19,63,'/etc/nginx/nginx.conf'),(2541,43,13,NULL),(2542,43,48,NULL),(2543,43,61,'/usr/share/nginx'),(2544,43,62,'/usr/sbin/nginx'),(2545,43,63,'/etc/nginx/nginx.conf'),(2546,44,4,NULL),(2547,44,5,NULL),(2548,44,6,NULL),(2549,44,7,NULL),(2550,44,9,NULL),(2551,44,10,NULL),(2552,44,11,NULL),(2553,44,12,NULL),(2554,44,13,NULL),(2555,44,14,NULL),(2556,44,15,NULL),(2557,44,16,NULL),(2558,44,17,NULL),(2559,44,18,NULL),(2560,44,19,NULL),(2561,44,20,NULL),(2562,44,21,NULL),(2563,44,22,NULL),(2564,44,23,NULL),(2565,44,24,NULL),(2566,44,25,NULL),(2567,44,26,NULL),(2568,44,27,NULL),(2569,44,28,NULL),(2570,44,29,NULL),(2571,44,30,NULL),(2572,44,31,NULL),(2573,44,32,NULL),(2574,44,33,NULL),(2575,44,34,NULL),(2577,44,36,NULL),(2578,44,37,NULL),(2579,44,38,NULL),(2580,44,39,NULL),(2581,44,40,NULL),(2582,44,41,NULL),(2583,44,42,NULL),(2584,44,43,NULL),(2585,44,44,NULL),(2586,44,45,NULL),(2587,44,46,NULL),(2588,44,47,NULL),(2590,44,50,NULL),(2591,44,51,NULL),(2592,44,52,NULL),(2593,44,53,NULL),(2594,44,54,NULL),(2595,44,55,NULL),(2596,44,56,NULL),(2597,44,57,NULL),(2598,44,58,NULL),(2599,44,59,NULL),(2600,44,60,NULL),(2601,44,61,'/usr/share/nginx'),(2602,44,62,'/usr/sbin/nginx'),(2603,44,63,'/etc/nginx/nginx.conf'),(2604,44,64,'/var/log/nginx/error.log'),(2605,44,65,'/var/run/nginx.pid'),(2606,44,66,'/var/lock/subsys/nginx'),(2607,44,67,'nginx'),(2608,44,68,'nginx'),(2609,44,71,'/var/log/nginx/access.log'),(2610,44,72,'/var/lib/nginx/tmp/client_body'),(2611,44,73,'/var/lib/nginx/tmp/proxy'),(2612,44,74,'/var/lib/nginx/tmp/fastcgi'),(2613,44,75,'/var/lib/nginx/tmp/uwsgi'),(2614,44,76,'/var/lib/nginx/tmp/scgi'),(2615,44,48,NULL),(2640,47,6,NULL),(2641,47,25,NULL),(2642,47,47,NULL),(2643,47,51,NULL),(2644,47,48,NULL),(2645,47,61,'/usr/share/nginx'),(2646,47,62,'/usr/sbin/nginx'),(2647,47,63,'/etc/nginx/nginx.conf'),(2936,55,77,NULL),(2937,55,78,NULL),(2938,55,79,NULL),(2939,55,80,NULL),(2940,55,81,NULL),(2941,55,82,NULL),(2942,55,83,NULL),(2943,55,84,NULL),(2944,55,85,NULL),(2945,55,86,NULL),(2946,55,87,NULL),(2947,55,88,NULL),(2948,55,89,NULL),(2949,55,90,NULL),(2950,55,92,NULL),(2951,55,93,NULL),(2952,55,94,NULL),(2953,55,95,NULL),(2954,55,96,NULL),(2955,55,97,NULL),(2956,55,98,NULL),(2957,55,99,NULL),(2958,55,100,NULL),(2959,55,101,NULL),(2960,55,102,NULL),(2961,55,103,NULL),(2962,55,104,NULL),(2963,55,105,NULL),(2964,55,106,NULL),(2965,55,107,NULL),(2967,55,109,NULL),(2968,55,110,NULL),(2969,55,111,NULL),(2970,55,112,NULL),(2971,55,113,NULL),(2972,55,114,NULL),(2973,55,115,NULL),(2974,55,116,NULL),(2975,55,117,NULL),(2976,55,118,NULL),(2977,55,119,NULL),(2978,55,120,NULL),(2979,55,121,NULL),(2981,55,123,NULL),(2982,55,124,NULL),(2983,55,125,NULL),(2984,55,126,NULL),(2985,55,127,NULL),(2986,55,128,NULL),(2987,55,129,NULL),(2988,55,130,NULL),(2989,55,131,NULL),(2990,55,132,NULL),(2991,55,133,NULL),(2992,55,134,'/usr/share/nginx'),(2993,55,135,'/usr/sbin/nginx'),(2994,55,136,'/etc/nginx/nginx.conf'),(2995,55,137,'/var/log/nginx/error.log'),(2996,55,138,'/var/run/nginx.pid'),(2997,55,139,'/var/lock/subsys/nginx'),(2998,55,140,'nginx'),(2999,55,141,'nginx'),(3000,55,144,'/var/log/nginx/access.log'),(3001,55,145,'/var/lib/nginx/tmp/client_body'),(3002,55,146,'/var/lib/nginx/tmp/proxy'),(3003,55,147,'/var/lib/nginx/tmp/fastcgi'),(3004,55,148,'/var/lib/nginx/tmp/uwsgi'),(3005,55,149,'/var/lib/nginx/tmp/scgi'),(3006,55,223,NULL),(3007,55,224,NULL),(3008,55,225,NULL),(3009,55,227,NULL),(3010,55,228,NULL),(3011,55,236,NULL),(3012,55,237,NULL),(3304,49,121,NULL),(3305,49,134,'/usr/share/nginx'),(3306,49,135,'/usr/sbin/nginx'),(3307,49,136,'/etc/nginx/nginx.conf'),(3464,67,4,NULL),(3465,67,5,NULL),(3466,67,6,NULL),(3467,67,7,NULL),(3468,67,8,NULL),(3469,67,9,NULL),(3470,67,10,NULL),(3471,67,11,NULL),(3472,67,12,NULL),(3473,67,13,NULL),(3474,67,14,NULL),(3475,67,15,NULL),(3476,67,16,NULL),(3477,67,17,NULL),(3478,67,18,NULL),(3479,67,19,NULL),(3480,67,20,NULL),(3481,67,21,NULL),(3482,67,22,NULL),(3483,67,23,NULL),(3484,67,24,NULL),(3485,67,25,NULL),(3486,67,26,NULL),(3487,67,27,NULL),(3488,67,28,NULL),(3489,67,29,NULL),(3490,67,30,NULL),(3491,67,31,NULL),(3492,67,32,NULL),(3493,67,33,NULL),(3494,67,34,NULL),(3496,67,36,NULL),(3497,67,37,NULL),(3498,67,38,NULL),(3499,67,39,NULL),(3500,67,40,NULL),(3501,67,41,NULL),(3502,67,42,NULL),(3503,67,43,NULL),(3504,67,44,NULL),(3505,67,45,NULL),(3506,67,46,NULL),(3507,67,47,NULL),(3508,67,48,NULL),(3509,67,50,NULL),(3510,67,51,NULL),(3511,67,52,NULL),(3512,67,53,NULL),(3513,67,54,NULL),(3514,67,55,NULL),(3515,67,56,NULL),(3516,67,57,NULL),(3517,67,58,NULL),(3518,67,59,NULL),(3519,67,60,NULL),(3520,67,61,'/usr/share/nginx'),(3521,67,62,'/usr/sbin/nginx'),(3522,67,63,'/etc/nginx/nginx.conf'),(3523,67,64,'/var/log/nginx/error.log'),(3524,67,65,'/var/run/nginx.pid'),(3525,67,66,'/var/lock/subsys/nginx'),(3526,67,67,'nginx'),(3527,67,68,'nginx'),(3528,67,71,'/var/log/nginx/access.log'),(3529,67,72,'/var/lib/nginx/tmp/client_body'),(3530,67,73,'/var/lib/nginx/tmp/proxy'),(3531,67,74,'/var/lib/nginx/tmp/fastcgi'),(3532,67,75,'/var/lib/nginx/tmp/uwsgi'),(3533,67,76,'/var/lib/nginx/tmp/scgi'),(3534,67,229,NULL),(3535,67,230,NULL),(3536,67,231,NULL),(3537,67,232,NULL),(3538,67,233,NULL),(3539,67,234,NULL),(3540,67,235,NULL),(3541,68,10,NULL),(3542,68,12,NULL),(3543,68,13,NULL),(3544,68,16,NULL),(3545,68,17,NULL),(3546,68,28,NULL),(3548,68,36,NULL),(3549,68,40,NULL),(3550,68,47,NULL),(3551,68,53,NULL),(3552,68,54,NULL),(3553,68,55,NULL),(3554,68,233,NULL),(3555,68,48,NULL),(3556,68,61,'/usr/share/nginx'),(3557,68,62,'/usr/sbin/nginx'),(3558,68,63,'/etc/nginx/nginx.conf'),(3589,68,9,NULL),(3661,39,24,NULL),(3662,39,25,NULL),(3663,39,26,NULL),(3664,39,27,NULL),(3665,39,28,NULL),(3666,39,29,NULL),(3667,39,30,NULL),(3668,39,31,NULL),(3669,39,32,NULL),(3670,39,33,NULL),(3671,39,34,NULL),(3673,39,36,NULL),(3674,39,37,NULL),(3675,39,38,NULL),(3676,39,39,NULL),(3677,39,40,NULL),(3678,39,41,NULL),(3679,39,42,NULL),(3680,39,43,NULL),(3681,39,44,NULL),(3682,39,45,NULL),(3683,39,46,NULL),(3684,39,47,NULL),(3685,39,53,NULL),(3686,39,54,NULL),(3687,39,58,NULL),(3688,39,238,NULL),(3689,39,48,NULL),(3690,39,61,'/usr/share/nginx'),(3691,39,62,'/usr/sbin/nginx'),(3692,39,63,'/etc/nginx/nginx.conf'),(3693,71,316,NULL),(3694,71,317,NULL),(3695,71,350,NULL),(3696,71,377,NULL),(3697,71,348,NULL),(3698,71,361,'/usr/share/nginx'),(3699,71,362,'/usr/sbin/nginx'),(3700,71,363,'/etc/nginx/nginx.conf'),(3873,77,153,NULL),(3874,77,154,NULL),(3875,77,155,NULL),(3876,77,156,NULL),(3877,77,160,NULL),(3878,77,161,NULL),(3879,77,162,NULL),(3880,77,163,NULL),(3881,77,165,NULL),(3882,77,166,NULL),(3883,77,167,NULL),(3884,77,168,NULL),(3885,77,169,NULL),(3886,77,210,'/var/log/nginx/error.log'),(3887,77,211,'/var/run/nginx.pid'),(3888,77,212,'/var/lock/subsys/nginx'),(3889,77,213,'nginx'),(3890,77,214,'nginx'),(3891,77,217,'/var/log/nginx/access.log'),(3892,77,218,'/var/lib/nginx/tmp/client_body'),(3893,77,219,'/var/lib/nginx/tmp/proxy'),(3894,77,220,'/var/lib/nginx/tmp/fastcgi'),(3895,77,221,'/var/lib/nginx/tmp/uwsgi'),(3896,77,222,'/var/lib/nginx/tmp/scgi'),(3897,77,207,'/usr/share/nginx'),(3898,77,208,'/usr/sbin/nginx'),(3899,77,209,'/etc/nginx/nginx.conf'),(3900,77,194,NULL),(4042,83,80,NULL),(4043,83,81,NULL),(4044,83,82,NULL),(4045,83,83,NULL),(4046,83,87,NULL),(4047,83,88,NULL),(4048,83,89,NULL),(4049,83,90,NULL),(4050,83,92,NULL),(4051,83,93,NULL),(4052,83,94,NULL),(4053,83,95,NULL),(4054,83,96,NULL),(4055,83,137,'/var/log/nginx/error.log'),(4056,83,138,'/var/run/nginx.pid'),(4057,83,139,'/var/lock/subsys/nginx'),(4058,83,140,'nginx'),(4059,83,141,'nginx'),(4060,83,144,'/var/log/nginx/access.log'),(4061,83,145,'/var/lib/nginx/tmp/client_body'),(4062,83,146,'/var/lib/nginx/tmp/proxy'),(4063,83,147,'/var/lib/nginx/tmp/fastcgi'),(4064,83,148,'/var/lib/nginx/tmp/uwsgi'),(4065,83,149,'/var/lib/nginx/tmp/scgi'),(4066,83,134,'/usr/share/nginx'),(4067,83,135,'/usr/sbin/nginx'),(4068,83,136,'/etc/nginx/nginx.conf'),(4069,83,121,NULL),(4100,84,7,NULL),(4101,84,8,NULL),(4102,84,9,NULL),(4103,84,10,NULL),(4104,84,14,NULL),(4105,84,15,NULL),(4106,84,16,NULL),(4107,84,17,NULL),(4108,84,19,NULL),(4109,84,20,NULL),(4110,84,21,NULL),(4111,84,22,NULL),(4112,84,23,NULL),(4113,84,64,'/var/log/nginx/error.log'),(4114,84,65,'/var/run/nginx.pid'),(4115,84,66,'/var/lock/subsys/nginx'),(4116,84,67,'nginx'),(4117,84,68,'nginx'),(4118,84,71,'/var/log/nginx/access.log'),(4119,84,72,'/var/lib/nginx/tmp/client_body'),(4120,84,73,'/var/lib/nginx/tmp/proxy'),(4121,84,74,'/var/lib/nginx/tmp/fastcgi'),(4122,84,75,'/var/lib/nginx/tmp/uwsgi'),(4123,84,76,'/var/lib/nginx/tmp/scgi'),(4124,84,61,'/usr/share/nginx'),(4125,84,62,'/usr/sbin/nginx'),(4126,84,63,'/etc/nginx/nginx.conf'),(4127,84,48,NULL),(4128,79,80,NULL),(4129,79,81,NULL),(4130,79,82,NULL),(4131,79,83,NULL),(4132,79,87,NULL),(4133,79,88,NULL),(4134,79,89,NULL),(4135,79,90,NULL),(4136,79,92,NULL),(4137,79,93,NULL),(4138,79,94,NULL),(4139,79,95,NULL),(4140,79,96,NULL),(4141,79,137,'/var/log/nginx/error.log'),(4142,79,138,'/var/run/nginx.pid'),(4143,79,139,'/var/lock/subsys/nginx'),(4144,79,140,'nginx'),(4145,79,141,'nginx'),(4146,79,144,'/var/log/nginx/access.log'),(4147,79,145,'/var/lib/nginx/tmp/client_body'),(4148,79,146,'/var/lib/nginx/tmp/proxy'),(4149,79,147,'/var/lib/nginx/tmp/fastcgi'),(4150,79,148,'/var/lib/nginx/tmp/uwsgi'),(4151,79,149,'/var/lib/nginx/tmp/scgi'),(4152,79,237,NULL),(4153,79,134,'/usr/share/nginx'),(4154,79,135,'/usr/sbin/nginx'),(4155,79,136,'/etc/nginx/nginx.conf'),(4156,79,121,NULL),(4157,86,307,NULL),(4158,86,308,NULL),(4159,86,309,NULL),(4160,86,310,NULL),(4161,86,314,NULL),(4162,86,315,NULL),(4163,86,316,NULL),(4164,86,317,NULL),(4165,86,319,NULL),(4166,86,320,NULL),(4167,86,321,NULL),(4168,86,322,NULL),(4169,86,323,NULL),(4170,86,364,'/var/log/nginx/error.log'),(4171,86,365,'/var/run/nginx.pid'),(4172,86,366,'/var/lock/subsys/nginx'),(4173,86,367,'nginx'),(4174,86,368,'nginx'),(4175,86,371,'/var/log/nginx/access.log'),(4176,86,372,'/var/lib/nginx/tmp/client_body'),(4177,86,373,'/var/lib/nginx/tmp/proxy'),(4178,86,374,'/var/lib/nginx/tmp/fastcgi'),(4179,86,375,'/var/lib/nginx/tmp/uwsgi'),(4180,86,376,'/var/lib/nginx/tmp/scgi'),(4181,86,361,'/usr/share/nginx'),(4182,86,362,'/usr/sbin/nginx'),(4183,86,363,'/etc/nginx/nginx.conf'),(4184,86,348,NULL),(4213,87,307,NULL),(4214,87,308,NULL),(4215,87,309,NULL),(4216,87,310,NULL),(4217,87,314,NULL),(4218,87,315,NULL),(4219,87,316,NULL),(4220,87,317,NULL),(4221,87,319,NULL),(4222,87,320,NULL),(4223,87,321,NULL),(4224,87,322,NULL),(4225,87,323,NULL),(4226,87,364,'/var/log/nginx/error.log'),(4227,87,365,'/var/run/nginx.pid'),(4228,87,366,'/var/lock/subsys/nginx'),(4229,87,367,'nginx'),(4230,87,368,'nginx'),(4231,87,371,'/var/log/nginx/access.log'),(4232,87,372,'/var/lib/nginx/tmp/client_body'),(4233,87,373,'/var/lib/nginx/tmp/proxy'),(4234,87,374,'/var/lib/nginx/tmp/fastcgi'),(4235,87,375,'/var/lib/nginx/tmp/uwsgi'),(4236,87,376,'/var/lib/nginx/tmp/scgi'),(4237,87,361,'/usr/share/nginx'),(4238,87,362,'/usr/sbin/nginx'),(4239,87,363,'/etc/nginx/nginx.conf'),(4240,87,348,NULL),(4331,74,7,NULL),(4332,74,8,NULL),(4333,74,9,NULL),(4334,74,10,NULL),(4335,74,14,NULL),(4336,74,15,NULL),(4337,74,16,NULL),(4338,74,17,NULL),(4339,74,19,NULL),(4340,74,20,NULL),(4341,74,21,NULL),(4342,74,22,NULL),(4343,74,23,NULL),(4344,74,64,'/var/log/nginx/error.log'),(4345,74,65,'/var/run/nginx.pid'),(4346,74,66,'/var/lock/subsys/nginx'),(4347,74,67,'nginx'),(4348,74,68,'nginx'),(4349,74,71,'/var/log/nginx/access.log'),(4350,74,72,'/var/lib/nginx/tmp/client_body'),(4351,74,73,'/var/lib/nginx/tmp/proxy'),(4352,74,74,'/var/lib/nginx/tmp/fastcgi'),(4353,74,75,'/var/lib/nginx/tmp/uwsgi'),(4354,74,76,'/var/lib/nginx/tmp/scgi'),(4355,74,4,NULL),(4356,74,6,NULL),(4357,74,233,NULL),(4358,74,61,'/usr/share/nginx'),(4359,74,62,'/usr/sbin/nginx'),(4360,74,63,'/etc/nginx/nginx.conf'),(4361,74,48,NULL),(4362,89,7,NULL),(4363,89,8,NULL),(4364,89,9,NULL),(4365,89,10,NULL),(4366,89,14,NULL),(4367,89,15,NULL),(4368,89,16,NULL),(4369,89,17,NULL),(4370,89,19,NULL),(4371,89,20,NULL),(4372,89,21,NULL),(4373,89,22,NULL),(4374,89,23,NULL),(4375,89,64,'/var/log/nginx/error.log'),(4376,89,65,'/var/run/nginx.pid'),(4377,89,66,'/var/lock/subsys/nginx'),(4378,89,67,'nginx'),(4379,89,68,'nginx'),(4380,89,71,'/var/log/nginx/access.log'),(4381,89,72,'/var/lib/nginx/tmp/client_body'),(4382,89,73,'/var/lib/nginx/tmp/proxy'),(4383,89,74,'/var/lib/nginx/tmp/fastcgi'),(4384,89,75,'/var/lib/nginx/tmp/uwsgi'),(4385,89,76,'/var/lib/nginx/tmp/scgi'),(4386,89,61,'/usr/share/nginx'),(4387,89,62,'/usr/sbin/nginx'),(4388,89,63,'/etc/nginx/nginx.conf'),(4389,89,48,NULL),(4390,92,7,NULL),(4391,92,8,NULL),(4392,92,9,NULL),(4393,92,10,NULL),(4394,92,14,NULL),(4395,92,15,NULL),(4396,92,16,NULL),(4397,92,17,NULL),(4398,92,19,NULL),(4399,92,20,NULL),(4400,92,21,NULL),(4401,92,22,NULL),(4402,92,23,NULL),(4403,92,64,'/var/log/nginx/error.log'),(4404,92,65,'/var/run/nginx.pid'),(4405,92,66,'/var/lock/subsys/nginx'),(4406,92,67,'nginx'),(4407,92,68,'nginx'),(4408,92,71,'/var/log/nginx/access.log'),(4409,92,72,'/var/lib/nginx/tmp/client_body'),(4410,92,73,'/var/lib/nginx/tmp/proxy'),(4411,92,74,'/var/lib/nginx/tmp/fastcgi'),(4412,92,75,'/var/lib/nginx/tmp/uwsgi'),(4413,92,76,'/var/lib/nginx/tmp/scgi'),(4414,92,4,NULL),(4415,92,5,NULL),(4416,92,6,NULL),(4417,92,11,NULL),(4418,92,12,NULL),(4419,92,13,NULL),(4420,92,18,NULL),(4421,92,24,NULL),(4422,92,25,NULL),(4423,92,26,NULL),(4424,92,27,NULL),(4425,92,28,NULL),(4426,92,29,NULL),(4427,92,30,NULL),(4428,92,31,NULL),(4429,92,32,NULL),(4430,92,33,NULL),(4431,92,34,NULL),(4433,92,36,NULL),(4434,92,37,NULL),(4435,92,38,NULL),(4436,92,39,NULL),(4437,92,40,NULL),(4438,92,41,NULL),(4439,92,42,NULL),(4440,92,43,NULL),(4441,92,44,NULL),(4442,92,45,NULL),(4443,92,46,NULL),(4444,92,47,NULL),(4445,92,50,NULL),(4446,92,51,NULL),(4447,92,52,NULL),(4448,92,53,NULL),(4449,92,54,NULL),(4450,92,55,NULL),(4451,92,56,NULL),(4452,92,57,NULL),(4453,92,58,NULL),(4454,92,59,NULL),(4455,92,60,NULL),(4456,92,229,NULL),(4457,92,230,NULL),(4458,92,231,NULL),(4459,92,232,NULL),(4460,92,233,NULL),(4461,92,234,NULL),(4462,92,235,NULL),(4463,92,238,NULL),(4464,92,61,'/usr/share/nginx'),(4465,92,62,'/usr/sbin/nginx'),(4466,92,63,'/etc/nginx/nginx.conf'),(4467,92,48,NULL),(4468,93,7,NULL),(4469,93,8,NULL),(4470,93,9,NULL),(4471,93,10,NULL),(4472,93,14,NULL),(4473,93,15,NULL),(4474,93,16,NULL),(4475,93,17,NULL),(4476,93,19,NULL),(4477,93,20,NULL),(4478,93,21,NULL),(4479,93,22,NULL),(4480,93,23,NULL),(4481,93,64,'/var/log/nginx/error.log'),(4482,93,65,'/var/run/nginx.pid'),(4483,93,66,'/var/lock/subsys/nginx'),(4484,93,67,'nginx'),(4485,93,68,'nginx'),(4486,93,71,'/var/log/nginx/access.log'),(4487,93,72,'/var/lib/nginx/tmp/client_body'),(4488,93,73,'/var/lib/nginx/tmp/proxy'),(4489,93,74,'/var/lib/nginx/tmp/fastcgi'),(4490,93,75,'/var/lib/nginx/tmp/uwsgi'),(4491,93,76,'/var/lib/nginx/tmp/scgi'),(4492,93,4,NULL),(4493,93,61,'/usr/share/nginx'),(4494,93,62,'/usr/sbin/nginx'),(4495,93,63,'/etc/nginx/nginx.conf'),(4496,93,48,NULL),(5691,126,7,NULL),(5692,126,8,NULL),(5693,126,9,NULL),(5694,126,10,NULL),(5695,126,16,NULL),(5696,126,17,NULL),(5697,126,19,NULL),(5698,126,64,'/var/log/nginx/error.log'),(5699,126,65,'/var/run/nginx.pid'),(5700,126,66,'/var/lock/subsys/nginx'),(5701,126,71,'/var/log/nginx/access.log'),(5702,126,72,'/var/lib/nginx/tmp/client_body'),(5703,126,73,'/var/lib/nginx/tmp/proxy'),(5704,126,74,'/var/lib/nginx/tmp/fastcgi'),(5705,126,75,'/var/lib/nginx/tmp/uwsgi'),(5706,126,76,'/var/lib/nginx/tmp/scgi'),(5707,126,4,NULL),(5708,126,5,NULL),(5709,126,6,NULL),(5710,126,13,NULL),(5711,126,59,NULL),(5712,126,61,'/usr/share/nginx'),(5713,126,62,'/usr/sbin/nginx'),(5714,126,63,'/etc/nginx/nginx.conf'),(5715,126,48,NULL),(5716,126,232,NULL),(5717,127,7,NULL),(5718,127,8,NULL),(5719,127,9,NULL),(5720,127,10,NULL),(5721,127,14,NULL),(5722,127,15,NULL),(5723,127,16,NULL),(5724,127,17,NULL),(5725,127,19,NULL),(5726,127,20,NULL),(5727,127,21,NULL),(5728,127,22,NULL),(5729,127,23,NULL),(5730,127,64,'/var/log/nginx/error.log'),(5731,127,65,'/var/run/nginx.pid'),(5732,127,66,'/var/lock/subsys/nginx'),(5733,127,67,'nginx'),(5734,127,68,'nginx'),(5735,127,71,'/var/log/nginx/access.log'),(5736,127,72,'/var/lib/nginx/tmp/client_body'),(5737,127,73,'/var/lib/nginx/tmp/proxy'),(5738,127,74,'/var/lib/nginx/tmp/fastcgi'),(5739,127,75,'/var/lib/nginx/tmp/uwsgi'),(5740,127,76,'/var/lib/nginx/tmp/scgi'),(5741,127,4,NULL),(5742,127,5,NULL),(5743,127,6,NULL),(5744,127,11,NULL),(5745,127,12,NULL),(5746,127,13,NULL),(5747,127,18,NULL),(5748,127,24,NULL),(5749,127,25,NULL),(5750,127,26,NULL),(5751,127,27,NULL),(5752,127,28,NULL),(5753,127,29,NULL),(5754,127,30,NULL),(5755,127,31,NULL),(5756,127,32,NULL),(5757,127,33,NULL),(5758,127,34,NULL),(5760,127,36,NULL),(5761,127,37,NULL),(5762,127,38,NULL),(5763,127,39,NULL),(5764,127,40,NULL),(5765,127,41,NULL),(5766,127,42,NULL),(5767,127,43,NULL),(5768,127,44,NULL),(5769,127,45,NULL),(5770,127,46,NULL),(5771,127,47,NULL),(5772,127,50,NULL),(5773,127,51,NULL),(5774,127,52,NULL),(5775,127,53,NULL),(5776,127,54,NULL),(5777,127,55,NULL),(5778,127,56,NULL),(5779,127,57,NULL),(5780,127,58,NULL),(5781,127,59,NULL),(5782,127,60,NULL),(5783,127,395,NULL),(5784,127,396,NULL),(5785,127,61,'/usr/share/nginx'),(5786,127,62,'/usr/sbin/nginx'),(5787,127,63,'/etc/nginx/nginx.conf'),(5788,127,48,NULL),(5789,127,384,NULL),(5790,127,385,NULL),(5791,127,229,NULL),(5792,127,230,NULL),(5793,127,231,NULL),(5794,127,232,NULL),(5795,127,233,NULL),(5796,127,234,NULL),(5797,127,235,NULL),(5798,127,238,NULL),(5799,127,381,NULL),(5800,127,382,NULL),(5801,127,383,NULL),(5802,127,386,NULL),(5803,127,387,NULL),(5804,127,388,NULL),(5805,127,389,NULL),(5806,127,390,NULL),(5807,127,391,NULL),(5808,127,392,NULL),(5809,127,393,NULL),(5810,127,394,NULL),(5909,107,7,NULL),(5910,107,8,NULL),(5911,107,9,NULL),(5912,107,10,NULL),(5913,107,14,NULL),(5914,107,15,NULL),(5915,107,16,NULL),(5916,107,17,NULL),(5917,107,19,NULL),(5918,107,20,NULL),(5919,107,21,NULL),(5920,107,22,NULL),(5921,107,23,NULL),(5922,107,64,'/var/log/nginx/error.log'),(5923,107,65,'/var/run/nginx.pid'),(5924,107,66,'/var/lock/subsys/nginx'),(5925,107,67,'nginx'),(5926,107,68,'nginx'),(5927,107,71,'/var/log/nginx/access.log'),(5928,107,72,'/var/lib/nginx/tmp/client_body'),(5929,107,73,'/var/lib/nginx/tmp/proxy'),(5930,107,74,'/var/lib/nginx/tmp/fastcgi'),(5931,107,75,'/var/lib/nginx/tmp/uwsgi'),(5932,107,76,'/var/lib/nginx/tmp/scgi'),(5933,107,42,NULL),(5934,107,61,'/usr/share/nginx'),(5935,107,62,'/usr/sbin/nginx'),(5936,107,63,'/etc/nginx/nginx.conf'),(5937,107,48,NULL),(5938,107,238,NULL),(5939,107,397,NULL),(6054,134,7,NULL),(6055,134,8,NULL),(6056,134,9,NULL),(6057,134,10,NULL),(6058,134,14,NULL),(6059,134,15,NULL),(6060,134,16,NULL),(6061,134,17,NULL),(6062,134,19,NULL),(6063,134,20,NULL),(6064,134,21,NULL),(6065,134,22,NULL),(6066,134,23,NULL),(6067,134,64,'/var/log/nginx/error.log'),(6068,134,65,'/var/run/nginx.pid'),(6069,134,66,'/var/lock/subsys/nginx'),(6070,134,67,'nginx'),(6071,134,68,'nginx'),(6072,134,71,'/var/log/nginx/access.log'),(6073,134,72,'/var/lib/nginx/tmp/client_body'),(6074,134,73,'/var/lib/nginx/tmp/proxy'),(6075,134,74,'/var/lib/nginx/tmp/fastcgi'),(6076,134,75,'/var/lib/nginx/tmp/uwsgi'),(6077,134,76,'/var/lib/nginx/tmp/scgi'),(6078,134,61,'/usr/share/nginx'),(6079,134,62,'/usr/sbin/nginx'),(6080,134,63,'/etc/nginx/nginx.conf'),(6081,134,48,NULL),(6082,135,7,NULL),(6083,135,8,NULL),(6084,135,9,NULL),(6085,135,10,NULL),(6086,135,14,NULL),(6087,135,15,NULL),(6088,135,16,NULL),(6089,135,17,NULL),(6090,135,19,NULL),(6091,135,20,NULL),(6092,135,21,NULL),(6093,135,22,NULL),(6094,135,23,NULL),(6095,135,64,'/var/log/nginx/error.log'),(6096,135,65,'/var/run/nginx.pid'),(6097,135,66,'/var/lock/subsys/nginx'),(6098,135,67,'nginx'),(6099,135,68,'nginx'),(6100,135,71,'/var/log/nginx/access.log'),(6101,135,72,'/var/lib/nginx/tmp/client_body'),(6102,135,73,'/var/lib/nginx/tmp/proxy'),(6103,135,74,'/var/lib/nginx/tmp/fastcgi'),(6104,135,75,'/var/lib/nginx/tmp/uwsgi'),(6105,135,76,'/var/lib/nginx/tmp/scgi'),(6106,135,13,NULL),(6107,135,18,NULL),(6108,135,61,'/usr/share/nginx'),(6109,135,62,'/usr/sbin/nginx'),(6110,135,63,'/etc/nginx/nginx.conf'),(6111,135,48,NULL),(6112,135,229,NULL),(6113,135,230,NULL),(6114,135,231,NULL),(6115,135,232,NULL),(6116,135,233,NULL),(6117,135,234,NULL),(6118,135,235,NULL),(6119,135,401,NULL),(6310,143,7,NULL),(6311,143,9,NULL),(6312,143,10,NULL),(6313,143,14,NULL),(6314,143,15,NULL),(6315,143,16,NULL),(6316,143,17,NULL),(6317,143,19,NULL),(6318,143,20,NULL),(6319,143,21,NULL),(6320,143,22,NULL),(6321,143,23,NULL),(6322,143,64,'/var/log/nginx/error.log'),(6323,143,65,'/var/run/nginx.pid'),(6324,143,66,'/var/lock/subsys/nginx'),(6325,143,67,'nginx'),(6326,143,68,'nginx'),(6327,143,71,'/var/log/nginx/access.log'),(6328,143,72,'/var/lib/nginx/tmp/client_body'),(6329,143,73,'/var/lib/nginx/tmp/proxy'),(6330,143,74,'/var/lib/nginx/tmp/fastcgi'),(6331,143,75,'/var/lib/nginx/tmp/uwsgi'),(6332,143,76,'/var/lib/nginx/tmp/scgi'),(6333,143,61,'/usr/share/nginx'),(6334,143,62,'/usr/sbin/nginx'),(6335,143,63,'/etc/nginx/nginx.conf'),(6336,143,48,NULL),(6337,143,238,NULL),(6338,143,401,NULL),(6339,143,404,NULL),(6632,125,7,NULL),(6633,125,8,NULL),(6634,125,9,NULL),(6635,125,10,NULL),(6636,125,14,NULL),(6637,125,15,NULL),(6638,125,16,NULL),(6639,125,17,NULL),(6640,125,19,NULL),(6641,125,20,NULL),(6642,125,21,NULL),(6643,125,22,NULL),(6644,125,23,NULL),(6645,125,64,'/var/log/nginx/error.log'),(6646,125,65,'/var/run/nginx.pid'),(6647,125,66,'/var/lock/subsys/nginx'),(6648,125,67,'nginx'),(6649,125,68,'nginx'),(6650,125,71,'/var/log/nginx/access.log'),(6651,125,72,'/var/lib/nginx/tmp/client_body'),(6652,125,73,'/var/lib/nginx/tmp/proxy'),(6653,125,74,'/var/lib/nginx/tmp/fastcgi'),(6654,125,75,'/var/lib/nginx/tmp/uwsgi'),(6655,125,76,'/var/lib/nginx/tmp/scgi'),(6656,125,61,'/usr/share/nginx'),(6657,125,62,'/usr/sbin/nginx'),(6658,125,63,'/etc/nginx/nginx.conf'),(6659,125,48,NULL),(6660,125,384,NULL),(6661,125,385,NULL),(6662,125,386,NULL),(6663,125,406,NULL),(6865,149,307,NULL),(6866,149,308,NULL),(6867,149,309,NULL),(6868,149,310,NULL),(6869,149,314,NULL),(6870,149,315,NULL),(6871,149,316,NULL),(6872,149,317,NULL),(6873,149,319,NULL),(6874,149,320,NULL),(6875,149,321,NULL),(6876,149,322,NULL),(6877,149,323,NULL),(6878,149,364,'/var/log/nginx/error.log'),(6879,149,365,'/var/run/nginx.pid'),(6880,149,366,'/var/lock/subsys/nginx'),(6881,149,367,'nginx'),(6882,149,368,'nginx'),(6883,149,371,'/var/log/nginx/access.log'),(6884,149,372,'/var/lib/nginx/tmp/client_body'),(6885,149,373,'/var/lib/nginx/tmp/proxy'),(6886,149,374,'/var/lib/nginx/tmp/fastcgi'),(6887,149,375,'/var/lib/nginx/tmp/uwsgi'),(6888,149,376,'/var/lib/nginx/tmp/scgi'),(6889,149,361,'/usr/share/nginx'),(6890,149,362,'/usr/sbin/nginx'),(6891,149,363,'/etc/nginx/nginx.conf'),(6892,149,348,NULL),(6950,52,153,NULL),(6951,52,207,'/usr/share/nginx'),(6952,52,208,'/usr/sbin/nginx'),(6953,52,209,'/etc/nginx/nginx.conf'),(6954,52,194,NULL),(6955,69,307,NULL),(6956,69,304,NULL),(6957,69,377,NULL),(6958,69,378,NULL),(6959,69,379,NULL),(6960,69,361,'/usr/share/nginx'),(6961,69,362,'/usr/sbin/nginx'),(6962,69,363,'/etc/nginx/nginx.conf'),(6963,69,348,NULL),(7228,78,7,NULL),(7229,78,8,NULL),(7230,78,9,NULL),(7231,78,10,NULL),(7232,78,14,NULL),(7233,78,15,NULL),(7234,78,16,NULL),(7235,78,17,NULL),(7236,78,19,NULL),(7237,78,20,NULL),(7238,78,21,NULL),(7239,78,22,NULL),(7240,78,23,NULL),(7241,78,64,'/var/log/nginx/error.log'),(7242,78,65,'/var/run/nginx.pid'),(7243,78,66,'/var/lock/subsys/nginx'),(7244,78,67,'nginx'),(7245,78,68,'nginx'),(7246,78,71,'/var/log/nginx/access.log'),(7247,78,72,'/var/lib/nginx/tmp/client_body'),(7248,78,73,'/var/lib/nginx/tmp/proxy'),(7249,78,74,'/var/lib/nginx/tmp/fastcgi'),(7250,78,75,'/var/lib/nginx/tmp/uwsgi'),(7251,78,76,'/var/lib/nginx/tmp/scgi'),(7252,78,18,NULL),(7253,78,42,NULL),(7254,78,395,NULL),(7255,78,396,NULL),(7256,78,61,'/usr/share/nginx'),(7257,78,62,'/usr/sbin/nginx'),(7258,78,63,'/etc/nginx/nginx.conf'),(7259,78,48,NULL),(7260,78,384,NULL),(7261,78,385,NULL),(7262,78,231,NULL),(7263,78,235,NULL),(7264,78,238,NULL),(7265,78,381,NULL),(7266,78,382,NULL),(7267,78,383,NULL),(7268,78,386,NULL),(7269,78,387,NULL),(7270,78,388,NULL),(7271,78,389,NULL),(7272,78,390,NULL),(7273,78,391,NULL),(7274,78,392,NULL),(7275,78,393,NULL),(7276,78,394,NULL),(7277,78,397,NULL),(7278,78,398,NULL),(7279,78,400,NULL),(7280,78,402,NULL),(7281,78,403,NULL),(7282,78,404,NULL),(7283,78,405,NULL),(7284,78,407,NULL),(7285,157,7,NULL),(7286,157,8,NULL),(7287,157,9,NULL),(7288,157,10,NULL),(7289,157,14,NULL),(7290,157,15,NULL),(7291,157,16,NULL),(7292,157,17,NULL),(7293,157,19,NULL),(7294,157,20,NULL),(7295,157,21,NULL),(7296,157,22,NULL),(7297,157,23,NULL),(7298,157,64,'/var/log/nginx/error.log'),(7299,157,65,'/var/run/nginx.pid'),(7300,157,66,'/var/lock/subsys/nginx'),(7301,157,67,'nginx'),(7302,157,68,'nginx'),(7303,157,71,'/var/log/nginx/access.log'),(7304,157,72,'/var/lib/nginx/tmp/client_body'),(7305,157,73,'/var/lib/nginx/tmp/proxy'),(7306,157,74,'/var/lib/nginx/tmp/fastcgi'),(7307,157,75,'/var/lib/nginx/tmp/uwsgi'),(7308,157,76,'/var/lib/nginx/tmp/scgi'),(7309,157,61,'/usr/share/nginx'),(7310,157,62,'/usr/sbin/nginx'),(7311,157,63,'/etc/nginx/nginx.conf'),(7312,157,48,NULL),(7350,162,80,NULL),(7351,162,81,NULL),(7352,162,82,NULL),(7353,162,83,NULL),(7354,162,87,NULL),(7355,162,88,NULL),(7356,162,89,NULL),(7357,162,90,NULL),(7358,162,92,NULL),(7359,162,93,NULL),(7360,162,94,NULL),(7361,162,95,NULL),(7362,162,96,NULL),(7363,162,137,'/var/log/nginx/error.log'),(7364,162,138,'/var/run/nginx.pid'),(7365,162,139,'/var/lock/subsys/nginx'),(7366,162,140,'nginx'),(7367,162,141,'nginx'),(7368,162,144,'/var/log/nginx/access.log'),(7369,162,145,'/var/lib/nginx/tmp/client_body'),(7370,162,146,'/var/lib/nginx/tmp/proxy'),(7371,162,147,'/var/lib/nginx/tmp/fastcgi'),(7372,162,148,'/var/lib/nginx/tmp/uwsgi'),(7373,162,149,'/var/lib/nginx/tmp/scgi'),(7374,162,77,NULL),(7375,162,79,NULL),(7376,162,129,NULL),(7377,162,134,'/usr/share/nginx'),(7378,162,135,'/usr/sbin/nginx'),(7379,162,136,'/etc/nginx/nginx.conf'),(7380,162,121,NULL),(7381,163,7,NULL),(7382,163,8,NULL),(7383,163,9,NULL),(7384,163,10,NULL),(7385,163,14,NULL),(7386,163,15,NULL),(7387,163,16,NULL),(7388,163,17,NULL),(7389,163,19,NULL),(7390,163,20,NULL),(7391,163,21,NULL),(7392,163,22,NULL),(7393,163,23,NULL),(7394,163,64,'/var/log/nginx/error.log'),(7395,163,65,'/var/run/nginx.pid'),(7396,163,66,'/var/lock/subsys/nginx'),(7397,163,67,'nginx'),(7398,163,68,'nginx'),(7399,163,71,'/var/log/nginx/access.log'),(7400,163,72,'/var/lib/nginx/tmp/client_body'),(7401,163,73,'/var/lib/nginx/tmp/proxy'),(7402,163,74,'/var/lib/nginx/tmp/fastcgi'),(7403,163,75,'/var/lib/nginx/tmp/uwsgi'),(7404,163,76,'/var/lib/nginx/tmp/scgi'),(7405,163,18,NULL),(7406,163,61,'/usr/share/nginx'),(7407,163,62,'/usr/sbin/nginx'),(7408,163,63,'/etc/nginx/nginx.conf'),(7409,163,48,NULL),(7410,163,388,NULL),(7411,163,406,NULL),(7442,167,80,NULL),(7443,167,81,NULL),(7444,167,82,NULL),(7445,167,83,NULL),(7446,167,87,NULL),(7447,167,88,NULL),(7448,167,89,NULL),(7449,167,90,NULL),(7450,167,92,NULL),(7451,167,93,NULL),(7452,167,94,NULL),(7453,167,95,NULL),(7454,167,96,NULL),(7455,167,137,'/var/log/nginx/error.log'),(7456,167,138,'/var/run/nginx.pid'),(7457,167,139,'/var/lock/subsys/nginx'),(7458,167,140,'nginx'),(7459,167,141,'nginx'),(7460,167,144,'/var/log/nginx/access.log'),(7461,167,145,'/var/lib/nginx/tmp/client_body'),(7462,167,146,'/var/lib/nginx/tmp/proxy'),(7463,167,147,'/var/lib/nginx/tmp/fastcgi'),(7464,167,148,'/var/lib/nginx/tmp/uwsgi'),(7465,167,149,'/var/lib/nginx/tmp/scgi'),(7466,167,124,NULL),(7467,167,125,NULL),(7468,167,132,NULL),(7469,167,134,'/usr/share/nginx'),(7470,167,135,'/usr/sbin/nginx'),(7471,167,136,'/etc/nginx/nginx.conf'),(7472,167,121,NULL),(7514,172,7,NULL),(7515,172,8,NULL),(7516,172,9,NULL),(7517,172,10,NULL),(7518,172,14,NULL),(7519,172,15,NULL),(7520,172,16,NULL),(7521,172,17,NULL),(7522,172,19,NULL),(7523,172,20,NULL),(7524,172,21,NULL),(7525,172,22,NULL),(7526,172,23,NULL),(7527,172,64,'/var/log/nginx/error.log'),(7528,172,65,'/var/run/nginx.pid'),(7529,172,66,'/var/lock/subsys/nginx'),(7530,172,67,'nginx'),(7531,172,68,'nginx'),(7532,172,71,'/var/log/nginx/access.log'),(7533,172,72,'/var/lib/nginx/tmp/client_body'),(7534,172,73,'/var/lib/nginx/tmp/proxy'),(7535,172,74,'/var/lib/nginx/tmp/fastcgi'),(7536,172,75,'/var/lib/nginx/tmp/uwsgi'),(7537,172,76,'/var/lib/nginx/tmp/scgi'),(7538,172,6,NULL),(7539,172,13,NULL),(7540,172,18,NULL),(7541,172,61,'/usr/share/nginx'),(7542,172,62,'/usr/sbin/nginx'),(7543,172,63,'/etc/nginx/nginx.conf'),(7544,172,48,NULL),(7545,172,42,NULL),(7546,172,230,NULL),(7547,172,231,NULL),(7548,172,232,NULL),(7549,172,234,NULL),(7550,172,235,NULL),(7551,172,397,NULL),(7552,172,405,NULL),(7553,175,7,NULL),(7554,175,9,NULL),(7555,175,10,NULL),(7556,175,14,NULL),(7557,175,15,NULL),(7558,175,16,NULL),(7559,175,17,NULL),(7560,175,19,NULL),(7561,175,20,NULL),(7562,175,21,NULL),(7563,175,22,NULL),(7564,175,23,NULL),(7565,175,64,'/var/log/nginx/error.log'),(7566,175,65,'/var/run/nginx.pid'),(7567,175,66,'/var/lock/subsys/nginx'),(7568,175,67,'nginx'),(7569,175,68,'nginx'),(7570,175,71,'/var/log/nginx/access.log'),(7571,175,72,'/var/lib/nginx/tmp/client_body'),(7572,175,73,'/var/lib/nginx/tmp/proxy'),(7573,175,74,'/var/lib/nginx/tmp/fastcgi'),(7574,175,75,'/var/lib/nginx/tmp/uwsgi'),(7575,175,76,'/var/lib/nginx/tmp/scgi'),(7576,175,61,'/usr/share/nginx'),(7577,175,62,'/usr/sbin/nginx'),(7578,175,63,'/etc/nginx/nginx.conf'),(7579,175,48,NULL),(7580,175,238,NULL),(7752,178,80,NULL),(7753,178,81,NULL),(7754,178,82,NULL),(7755,178,83,NULL),(7756,178,87,NULL),(7757,178,88,NULL),(7758,178,89,NULL),(7759,178,90,NULL),(7760,178,92,NULL),(7761,178,93,NULL),(7762,178,94,NULL),(7763,178,95,NULL),(7764,178,96,NULL),(7765,178,137,'/var/log/nginx/error.log'),(7766,178,138,'/var/run/nginx.pid'),(7767,178,139,'/var/lock/subsys/nginx'),(7768,178,140,'nginx'),(7769,178,141,'nginx'),(7770,178,144,'/var/log/nginx/access.log'),(7771,178,145,'/var/lib/nginx/tmp/client_body'),(7772,178,146,'/var/lib/nginx/tmp/proxy'),(7773,178,147,'/var/lib/nginx/tmp/fastcgi'),(7774,178,148,'/var/lib/nginx/tmp/uwsgi'),(7775,178,149,'/var/lib/nginx/tmp/scgi'),(7776,178,134,'/usr/share/nginx'),(7777,178,135,'/usr/sbin/nginx'),(7778,178,136,'/etc/nginx/nginx.conf'),(7779,178,121,NULL),(7815,146,7,NULL),(7816,146,8,NULL),(7817,146,9,NULL),(7818,146,10,NULL),(7819,146,14,NULL),(7820,146,15,NULL),(7821,146,16,NULL),(7822,146,17,NULL),(7823,146,19,NULL),(7824,146,20,NULL),(7825,146,21,NULL),(7826,146,22,NULL),(7827,146,23,NULL),(7828,146,64,'/var/log/nginx/error.log'),(7829,146,65,'/var/run/nginx.pid'),(7830,146,66,'/var/lock/subsys/nginx'),(7831,146,67,'nginx'),(7832,146,68,'nginx'),(7833,146,71,'/var/log/nginx/access.log'),(7834,146,72,'/var/lib/nginx/tmp/client_body'),(7835,146,73,'/var/lib/nginx/tmp/proxy'),(7836,146,74,'/var/lib/nginx/tmp/fastcgi'),(7837,146,75,'/var/lib/nginx/tmp/uwsgi'),(7838,146,76,'/var/lib/nginx/tmp/scgi'),(7839,146,18,NULL),(7840,146,59,NULL),(7841,146,395,NULL),(7842,146,61,'/usr/share/nginx'),(7843,146,62,'/usr/sbin/nginx'),(7844,146,63,'/etc/nginx/nginx.conf'),(7845,146,48,NULL),(7846,146,229,NULL),(7847,146,238,NULL),(7848,146,388,NULL),(7849,146,401,NULL),(7850,146,406,NULL),(7975,46,8,NULL),(7976,46,9,NULL),(7977,46,10,NULL),(7978,46,19,NULL),(7979,46,20,NULL),(7980,46,21,NULL),(7981,46,22,NULL),(7982,46,23,NULL),(7983,46,64,'/var/log/nginx/error.log'),(7984,46,65,'/var/run/nginx.pid'),(7985,46,66,'/var/lock/subsys/nginx'),(7986,46,67,'nginx'),(7987,46,68,'nginx'),(7988,46,71,'/var/log/nginx/access.log'),(7989,46,72,'/var/lib/nginx/tmp/client_body'),(7990,46,73,'/var/lib/nginx/tmp/proxy'),(7991,46,74,'/var/lib/nginx/tmp/fastcgi'),(7992,46,13,NULL),(7993,46,18,NULL),(7994,46,26,NULL),(7995,46,38,NULL),(7996,46,39,NULL),(7997,46,53,NULL),(7998,46,54,NULL),(7999,46,55,NULL),(8000,46,61,'/usr/share/nginx'),(8001,46,62,'/usr/sbin/nginx'),(8002,46,63,'/etc/nginx/nginx.conf'),(8003,46,48,NULL),(8004,46,229,NULL),(8005,46,235,NULL),(8006,183,19,NULL),(8007,183,67,'nginx'),(8008,183,68,'nginx'),(8009,183,73,'/var/lib/nginx/tmp/proxy'),(8010,183,56,NULL),(8011,183,61,'/usr/share/nginx'),(8012,183,62,'/usr/sbin/nginx'),(8013,183,63,'/etc/nginx/nginx.conf'),(8014,183,48,NULL),(8015,184,92,NULL),(8016,184,140,'nginx'),(8017,184,141,'nginx'),(8018,184,129,NULL),(8019,184,134,'/usr/share/nginx'),(8020,184,135,'/usr/sbin/nginx'),(8021,184,136,'/etc/nginx/nginx.conf'),(8022,184,121,NULL),(8085,191,307,NULL),(8086,191,308,NULL),(8087,191,309,NULL),(8088,191,310,NULL),(8089,191,314,NULL),(8090,191,315,NULL),(8091,191,316,NULL),(8092,191,317,NULL),(8093,191,319,NULL),(8094,191,320,NULL),(8095,191,321,NULL),(8096,191,322,NULL),(8097,191,323,NULL),(8098,191,364,'/var/log/nginx/error.log'),(8099,191,365,'/var/run/nginx.pid'),(8100,191,366,'/var/lock/subsys/nginx'),(8101,191,367,'nginx'),(8102,191,368,'nginx'),(8103,191,371,'/var/log/nginx/access.log'),(8104,191,372,'/var/lib/nginx/tmp/client_body'),(8105,191,373,'/var/lib/nginx/tmp/proxy'),(8106,191,374,'/var/lib/nginx/tmp/fastcgi'),(8107,191,375,'/var/lib/nginx/tmp/uwsgi'),(8108,191,376,'/var/lib/nginx/tmp/scgi'),(8109,191,313,NULL),(8110,191,377,NULL),(8111,191,361,'/usr/share/nginx'),(8112,191,362,'/usr/sbin/nginx'),(8113,191,363,'/etc/nginx/nginx.conf'),(8114,191,348,NULL),(8115,192,7,NULL),(8116,192,8,NULL),(8117,192,9,NULL),(8118,192,10,NULL),(8119,192,14,NULL),(8120,192,15,NULL),(8121,192,16,NULL),(8122,192,17,NULL),(8123,192,19,NULL),(8124,192,20,NULL),(8125,192,21,NULL),(8126,192,22,NULL),(8127,192,23,NULL),(8128,192,64,'/var/log/nginx/error.log'),(8129,192,65,'/var/run/nginx.pid'),(8130,192,66,'/var/lock/subsys/nginx'),(8131,192,67,'nginx'),(8132,192,68,'nginx'),(8133,192,71,'/var/log/nginx/access.log'),(8134,192,72,'/var/lib/nginx/tmp/client_body'),(8135,192,73,'/var/lib/nginx/tmp/proxy'),(8136,192,74,'/var/lib/nginx/tmp/fastcgi'),(8137,192,75,'/var/lib/nginx/tmp/uwsgi'),(8138,192,76,'/var/lib/nginx/tmp/scgi'),(8139,192,13,NULL),(8140,192,61,'/usr/share/nginx'),(8141,192,62,'/usr/sbin/nginx'),(8142,192,63,'/etc/nginx/nginx.conf'),(8143,192,48,NULL),(8174,193,80,NULL),(8175,193,82,NULL),(8176,193,83,NULL),(8177,193,87,NULL),(8178,193,88,NULL),(8179,193,89,NULL),(8180,193,90,NULL),(8181,193,92,NULL),(8182,193,93,NULL),(8183,193,94,NULL),(8184,193,95,NULL),(8185,193,96,NULL),(8186,193,137,'/var/log/nginx/error.log'),(8187,193,138,'/var/run/nginx.pid'),(8188,193,139,'/var/lock/subsys/nginx'),(8189,193,140,'nginx'),(8190,193,141,'nginx'),(8191,193,144,'/var/log/nginx/access.log'),(8192,193,145,'/var/lib/nginx/tmp/client_body'),(8193,193,146,'/var/lib/nginx/tmp/proxy'),(8194,193,147,'/var/lib/nginx/tmp/fastcgi'),(8195,193,148,'/var/lib/nginx/tmp/uwsgi'),(8196,193,149,'/var/lib/nginx/tmp/scgi'),(8197,193,134,'/usr/share/nginx'),(8198,193,135,'/usr/sbin/nginx'),(8199,193,136,'/etc/nginx/nginx.conf'),(8200,193,121,NULL),(8340,201,153,NULL),(8341,201,154,NULL),(8342,201,155,NULL),(8343,201,156,NULL),(8344,201,160,NULL),(8345,201,161,NULL),(8346,201,162,NULL),(8347,201,163,NULL),(8348,201,165,NULL),(8349,201,166,NULL),(8350,201,167,NULL),(8351,201,168,NULL),(8352,201,169,NULL),(8353,201,210,'/var/log/nginx/error.log'),(8354,201,211,'/var/run/nginx.pid'),(8355,201,212,'/var/lock/subsys/nginx'),(8356,201,213,'nginx'),(8357,201,214,'nginx'),(8358,201,217,'/var/log/nginx/access.log'),(8359,201,218,'/var/lib/nginx/tmp/client_body'),(8360,201,219,'/var/lib/nginx/tmp/proxy'),(8361,201,220,'/var/lib/nginx/tmp/fastcgi'),(8362,201,221,'/var/lib/nginx/tmp/uwsgi'),(8363,201,222,'/var/lib/nginx/tmp/scgi'),(8364,201,158,NULL),(8365,201,159,NULL),(8366,201,197,NULL),(8367,201,198,NULL),(8368,201,205,NULL),(8369,201,207,'/usr/share/nginx'),(8370,201,208,'/usr/sbin/nginx'),(8371,201,209,'/etc/nginx/nginx.conf'),(8372,201,194,NULL),(8577,205,7,NULL),(8578,205,8,NULL),(8579,205,9,NULL),(8580,205,10,NULL),(8581,205,14,NULL),(8582,205,15,NULL),(8583,205,16,NULL),(8584,205,17,NULL),(8585,205,19,NULL),(8586,205,20,NULL),(8587,205,21,NULL),(8588,205,22,NULL),(8589,205,23,NULL),(8590,205,64,'/var/log/nginx/error.log'),(8591,205,65,'/var/run/nginx.pid'),(8592,205,66,'/var/lock/subsys/nginx'),(8593,205,67,'nginx'),(8594,205,68,'nginx'),(8595,205,71,'/var/log/nginx/access.log'),(8596,205,72,'/var/lib/nginx/tmp/client_body'),(8597,205,73,'/var/lib/nginx/tmp/proxy'),(8598,205,74,'/var/lib/nginx/tmp/fastcgi'),(8599,205,75,'/var/lib/nginx/tmp/uwsgi'),(8600,205,76,'/var/lib/nginx/tmp/scgi'),(8601,205,4,NULL),(8602,205,5,NULL),(8603,205,6,NULL),(8604,205,11,NULL),(8605,205,12,NULL),(8606,205,13,NULL),(8607,205,18,NULL),(8608,205,24,NULL),(8609,205,25,NULL),(8610,205,26,NULL),(8611,205,27,NULL),(8612,205,28,NULL),(8613,205,29,NULL),(8614,205,30,NULL),(8615,205,31,NULL),(8616,205,32,NULL),(8617,205,33,NULL),(8618,205,34,NULL),(8619,205,36,NULL),(8620,205,37,NULL),(8621,205,38,NULL),(8622,205,39,NULL),(8623,205,40,NULL),(8624,205,41,NULL),(8625,205,42,NULL),(8626,205,43,NULL),(8627,205,44,NULL),(8628,205,45,NULL),(8629,205,46,NULL),(8630,205,47,NULL),(8631,205,50,NULL),(8632,205,51,NULL),(8633,205,52,NULL),(8634,205,53,NULL),(8635,205,54,NULL),(8636,205,55,NULL),(8637,205,56,NULL),(8638,205,57,NULL),(8639,205,58,NULL),(8640,205,59,NULL),(8641,205,60,NULL),(8642,205,395,NULL),(8643,205,396,NULL),(8644,205,61,'/usr/share/nginx'),(8645,205,62,'/usr/sbin/nginx'),(8646,205,63,'/etc/nginx/nginx.conf'),(8647,205,48,NULL),(8648,205,384,NULL),(8649,205,385,NULL),(8650,205,229,NULL),(8651,205,230,NULL),(8652,205,231,NULL),(8653,205,232,NULL),(8654,205,233,NULL),(8655,205,234,NULL),(8656,205,235,NULL),(8657,205,238,NULL),(8658,205,381,NULL),(8659,205,382,NULL),(8660,205,383,NULL),(8661,205,386,NULL),(8662,205,387,NULL),(8663,205,388,NULL),(8664,205,389,NULL),(8665,205,390,NULL),(8666,205,391,NULL),(8667,205,392,NULL),(8668,205,393,NULL),(8669,205,394,NULL),(8670,205,397,NULL),(8671,205,398,NULL),(8672,205,399,NULL),(8673,205,400,NULL),(8674,205,401,NULL),(8675,205,402,NULL),(8676,205,403,NULL),(8677,205,404,NULL),(8678,205,405,NULL),(8679,205,406,NULL),(8680,205,407,NULL),(8681,206,153,NULL),(8682,206,154,NULL),(8683,206,155,NULL),(8684,206,156,NULL),(8685,206,160,NULL),(8686,206,161,NULL),(8687,206,162,NULL),(8688,206,163,NULL),(8689,206,165,NULL),(8690,206,166,NULL),(8691,206,167,NULL),(8692,206,168,NULL),(8693,206,169,NULL),(8694,206,210,'/var/log/nginx/error.log'),(8695,206,211,'/var/run/nginx.pid'),(8696,206,212,'/var/lock/subsys/nginx'),(8697,206,213,'nginx'),(8698,206,214,'nginx'),(8699,206,217,'/var/log/nginx/access.log'),(8700,206,218,'/var/lib/nginx/tmp/client_body'),(8701,206,219,'/var/lib/nginx/tmp/proxy'),(8702,206,220,'/var/lib/nginx/tmp/fastcgi'),(8703,206,221,'/var/lib/nginx/tmp/uwsgi'),(8704,206,222,'/var/lib/nginx/tmp/scgi'),(8705,206,150,NULL),(8706,206,151,NULL),(8707,206,152,NULL),(8708,206,157,NULL),(8709,206,158,NULL),(8710,206,159,NULL),(8711,206,170,NULL),(8712,206,171,NULL),(8713,206,172,NULL),(8714,206,173,NULL),(8715,206,174,NULL),(8716,206,175,NULL),(8717,206,176,NULL),(8718,206,177,NULL),(8719,206,178,NULL),(8720,206,179,NULL),(8721,206,180,NULL),(8722,206,182,NULL),(8723,206,183,NULL),(8724,206,184,NULL),(8725,206,185,NULL),(8726,206,186,NULL),(8727,206,187,NULL),(8728,206,188,NULL),(8729,206,189,NULL),(8730,206,190,NULL),(8731,206,191,NULL),(8732,206,192,NULL),(8733,206,193,NULL),(8734,206,196,NULL),(8735,206,197,NULL),(8736,206,198,NULL),(8737,206,199,NULL),(8738,206,200,NULL),(8739,206,201,NULL),(8740,206,202,NULL),(8741,206,203,NULL),(8742,206,204,NULL),(8743,206,205,NULL),(8744,206,206,NULL),(8745,206,207,'/usr/share/nginx'),(8746,206,208,'/usr/sbin/nginx'),(8747,206,209,'/etc/nginx/nginx.conf'),(8748,206,194,NULL),(8749,207,80,NULL),(8750,207,81,NULL),(8751,207,82,NULL),(8752,207,83,NULL),(8753,207,87,NULL),(8754,207,88,NULL),(8755,207,89,NULL),(8756,207,90,NULL),(8757,207,92,NULL),(8758,207,93,NULL),(8759,207,94,NULL),(8760,207,95,NULL),(8761,207,96,NULL),(8762,207,137,'/var/log/nginx/error.log'),(8763,207,138,'/var/run/nginx.pid'),(8764,207,139,'/var/lock/subsys/nginx'),(8765,207,140,'nginx'),(8766,207,141,'nginx'),(8767,207,144,'/var/log/nginx/access.log'),(8768,207,145,'/var/lib/nginx/tmp/client_body'),(8769,207,146,'/var/lib/nginx/tmp/proxy'),(8770,207,147,'/var/lib/nginx/tmp/fastcgi'),(8771,207,148,'/var/lib/nginx/tmp/uwsgi'),(8772,207,149,'/var/lib/nginx/tmp/scgi'),(8773,207,77,NULL),(8774,207,78,NULL),(8775,207,79,NULL),(8776,207,84,NULL),(8777,207,85,NULL),(8778,207,86,NULL),(8779,207,97,NULL),(8780,207,98,NULL),(8781,207,99,NULL),(8782,207,100,NULL),(8783,207,101,NULL),(8784,207,102,NULL),(8785,207,103,NULL),(8786,207,104,NULL),(8787,207,105,NULL),(8788,207,106,NULL),(8789,207,107,NULL),(8790,207,109,NULL),(8791,207,110,NULL),(8792,207,111,NULL),(8793,207,112,NULL),(8794,207,113,NULL),(8795,207,114,NULL),(8796,207,115,NULL),(8797,207,116,NULL),(8798,207,117,NULL),(8799,207,118,NULL),(8800,207,119,NULL),(8801,207,120,NULL),(8802,207,123,NULL),(8803,207,124,NULL),(8804,207,125,NULL),(8805,207,126,NULL),(8806,207,127,NULL),(8807,207,128,NULL),(8808,207,129,NULL),(8809,207,130,NULL),(8810,207,131,NULL),(8811,207,132,NULL),(8812,207,133,NULL),(8813,207,134,'/usr/share/nginx'),(8814,207,135,'/usr/sbin/nginx'),(8815,207,136,'/etc/nginx/nginx.conf'),(8816,207,121,NULL),(8817,207,228,NULL),(8818,207,223,NULL),(8819,207,224,NULL),(8820,207,225,NULL),(8821,207,227,NULL),(8822,207,236,NULL),(8823,207,237,NULL),(8824,208,307,NULL),(8825,208,308,NULL),(8826,208,309,NULL),(8827,208,310,NULL),(8828,208,314,NULL),(8829,208,315,NULL),(8830,208,316,NULL),(8831,208,317,NULL),(8832,208,319,NULL),(8833,208,320,NULL),(8834,208,321,NULL),(8835,208,322,NULL),(8836,208,323,NULL),(8837,208,364,'/var/log/nginx/error.log'),(8838,208,365,'/var/run/nginx.pid'),(8839,208,366,'/var/lock/subsys/nginx'),(8840,208,367,'nginx'),(8841,208,368,'nginx'),(8842,208,371,'/var/log/nginx/access.log'),(8843,208,372,'/var/lib/nginx/tmp/client_body'),(8844,208,373,'/var/lib/nginx/tmp/proxy'),(8845,208,374,'/var/lib/nginx/tmp/fastcgi'),(8846,208,375,'/var/lib/nginx/tmp/uwsgi'),(8847,208,376,'/var/lib/nginx/tmp/scgi'),(8848,208,304,NULL),(8849,208,305,NULL),(8850,208,306,NULL),(8851,208,311,NULL),(8852,208,312,NULL),(8853,208,313,NULL),(8854,208,324,NULL),(8855,208,325,NULL),(8856,208,326,NULL),(8857,208,327,NULL),(8858,208,328,NULL),(8859,208,329,NULL),(8860,208,330,NULL),(8861,208,331,NULL),(8862,208,332,NULL),(8863,208,333,NULL),(8864,208,334,NULL),(8865,208,336,NULL),(8866,208,337,NULL),(8867,208,338,NULL),(8868,208,339,NULL),(8869,208,340,NULL),(8870,208,341,NULL),(8871,208,342,NULL),(8872,208,343,NULL),(8873,208,344,NULL),(8874,208,345,NULL),(8875,208,346,NULL),(8876,208,347,NULL),(8877,208,350,NULL),(8878,208,351,NULL),(8879,208,352,NULL),(8880,208,353,NULL),(8881,208,354,NULL),(8882,208,355,NULL),(8883,208,356,NULL),(8884,208,357,NULL),(8885,208,358,NULL),(8886,208,359,NULL),(8887,208,360,NULL),(8888,208,377,NULL),(8889,208,378,NULL),(8890,208,379,NULL),(8891,208,380,NULL),(8892,208,361,'/usr/share/nginx'),(8893,208,362,'/usr/sbin/nginx'),(8894,208,363,'/etc/nginx/nginx.conf'),(8895,208,348,NULL),(8896,210,7,NULL),(8897,210,8,NULL),(8898,210,9,NULL),(8899,210,10,NULL),(8900,210,14,NULL),(8901,210,15,NULL),(8902,210,16,NULL),(8903,210,17,NULL),(8904,210,19,NULL),(8905,210,20,NULL),(8906,210,21,NULL),(8907,210,22,NULL),(8908,210,23,NULL),(8909,210,64,'/var/log/nginx/error.log'),(8910,210,65,'/var/run/nginx.pid'),(8911,210,66,'/var/lock/subsys/nginx'),(8912,210,67,'nginx'),(8913,210,68,'nginx'),(8914,210,71,'/var/log/nginx/access.log'),(8915,210,72,'/var/lib/nginx/tmp/client_body'),(8916,210,73,'/var/lib/nginx/tmp/proxy'),(8917,210,74,'/var/lib/nginx/tmp/fastcgi'),(8918,210,75,'/var/lib/nginx/tmp/uwsgi'),(8919,210,76,'/var/lib/nginx/tmp/scgi'),(8920,210,61,'/usr/share/nginx'),(8921,210,62,'/usr/sbin/nginx'),(8922,210,63,'/etc/nginx/nginx.conf'),(8923,210,48,NULL),(9094,219,80,NULL),(9095,219,81,NULL),(9096,219,82,NULL),(9097,219,83,NULL),(9098,219,87,NULL),(9099,219,88,NULL),(9100,219,89,NULL),(9101,219,90,NULL),(9102,219,92,NULL),(9103,219,93,NULL),(9104,219,94,NULL),(9105,219,95,NULL),(9106,219,96,NULL),(9107,219,137,'/var/log/nginx/error.log'),(9108,219,138,'/var/run/nginx.pid'),(9109,219,139,'/var/lock/subsys/nginx'),(9110,219,140,'nginx'),(9111,219,141,'nginx'),(9112,219,144,'/var/log/nginx/access.log'),(9113,219,145,'/var/lib/nginx/tmp/client_body'),(9114,219,146,'/var/lib/nginx/tmp/proxy'),(9115,219,147,'/var/lib/nginx/tmp/fastcgi'),(9116,219,148,'/var/lib/nginx/tmp/uwsgi'),(9117,219,149,'/var/lib/nginx/tmp/scgi'),(9118,219,86,NULL),(9119,219,134,'/usr/share/nginx'),(9120,219,135,'/usr/sbin/nginx'),(9121,219,136,'/etc/nginx/nginx.conf'),(9122,219,121,NULL),(9153,222,80,NULL),(9154,222,82,NULL),(9155,222,83,NULL),(9156,222,87,NULL),(9157,222,88,NULL),(9158,222,89,NULL),(9159,222,90,NULL),(9160,222,92,NULL),(9161,222,93,NULL),(9162,222,94,NULL),(9163,222,95,NULL),(9164,222,96,NULL),(9165,222,137,'/var/log/nginx/error.log'),(9166,222,138,'/var/run/nginx.pid'),(9167,222,139,'/var/lock/subsys/nginx'),(9168,222,140,'nginx'),(9169,222,141,'nginx'),(9170,222,144,'/var/log/nginx/access.log'),(9171,222,145,'/var/lib/nginx/tmp/client_body'),(9172,222,146,'/var/lib/nginx/tmp/proxy'),(9173,222,147,'/var/lib/nginx/tmp/fastcgi'),(9174,222,148,'/var/lib/nginx/tmp/uwsgi'),(9175,222,149,'/var/lib/nginx/tmp/scgi'),(9176,222,110,NULL),(9177,222,134,'/usr/share/nginx'),(9178,222,135,'/usr/sbin/nginx'),(9179,222,136,'/etc/nginx/nginx.conf'),(9180,222,121,NULL),(9181,222,237,NULL),(9182,228,9,NULL),(9183,228,10,NULL),(9184,228,14,NULL),(9185,228,15,NULL),(9186,228,16,NULL),(9187,228,17,NULL),(9188,228,19,NULL),(9189,228,20,NULL),(9190,228,21,NULL),(9191,228,22,NULL),(9192,228,23,NULL),(9193,228,64,'/var/log/nginx/error.log'),(9194,228,65,'/var/run/nginx.pid'),(9195,228,66,'/var/lock/subsys/nginx'),(9196,228,67,'nginx'),(9197,228,68,'nginx'),(9198,228,71,'/var/log/nginx/access.log'),(9199,228,72,'/var/lib/nginx/tmp/client_body'),(9200,228,73,'/var/lib/nginx/tmp/proxy'),(9201,228,74,'/var/lib/nginx/tmp/fastcgi'),(9202,228,75,'/var/lib/nginx/tmp/uwsgi'),(9203,228,76,'/var/lib/nginx/tmp/scgi'),(9204,228,61,'/usr/share/nginx'),(9205,228,62,'/usr/sbin/nginx'),(9206,228,63,'/etc/nginx/nginx.conf'),(9207,228,48,NULL),(9517,231,7,NULL),(9518,231,8,NULL),(9519,231,9,NULL),(9520,231,10,NULL),(9521,231,14,NULL),(9522,231,19,NULL),(9523,231,20,NULL),(9524,231,21,NULL),(9525,231,22,NULL),(9526,231,23,NULL),(9527,231,64,'/var/log/nginx/error.log'),(9528,231,65,'/var/run/nginx.pid'),(9529,231,66,'/var/lock/subsys/nginx'),(9530,231,67,'nginx'),(9531,231,68,'nginx'),(9532,231,71,'/var/log/nginx/access.log'),(9533,231,72,'/var/lib/nginx/tmp/client_body'),(9534,231,73,'/var/lib/nginx/tmp/proxy'),(9535,231,74,'/var/lib/nginx/tmp/fastcgi'),(9536,231,75,'/var/lib/nginx/tmp/uwsgi'),(9537,231,76,'/var/lib/nginx/tmp/scgi'),(9538,231,6,NULL),(9539,231,13,NULL),(9540,231,18,NULL),(9541,231,42,NULL),(9542,231,53,NULL),(9543,231,54,NULL),(9544,231,55,NULL),(9545,231,59,NULL),(9546,231,395,NULL),(9547,231,396,NULL),(9548,231,61,'/usr/share/nginx'),(9549,231,62,'/usr/sbin/nginx'),(9550,231,63,'/etc/nginx/nginx.conf'),(9551,231,48,NULL),(9552,231,384,NULL),(9553,231,385,NULL),(9554,231,229,NULL),(9555,231,230,NULL),(9556,231,231,NULL),(9557,231,232,NULL),(9558,231,233,NULL),(9559,231,234,NULL),(9560,231,235,NULL),(9561,231,381,NULL),(9562,231,382,NULL),(9563,231,386,NULL),(9564,231,387,NULL),(9565,231,388,NULL),(9566,231,389,NULL),(9567,231,397,NULL),(9568,231,398,NULL),(9569,231,399,NULL),(9570,231,400,NULL),(9571,231,401,NULL),(9572,231,402,NULL),(9573,231,403,NULL),(9574,231,404,NULL),(9575,231,405,NULL),(9576,232,7,NULL),(9577,232,8,NULL),(9578,232,9,NULL),(9579,232,10,NULL),(9580,232,14,NULL),(9581,232,16,NULL),(9582,232,17,NULL),(9583,232,19,NULL),(9584,232,20,NULL),(9585,232,21,NULL),(9586,232,22,NULL),(9587,232,23,NULL),(9588,232,64,'/var/log/nginx/error.log'),(9589,232,65,'/var/run/nginx.pid'),(9590,232,66,'/var/lock/subsys/nginx'),(9591,232,67,'nginx'),(9592,232,68,'nginx'),(9593,232,71,'/var/log/nginx/access.log'),(9594,232,72,'/var/lib/nginx/tmp/client_body'),(9595,232,73,'/var/lib/nginx/tmp/proxy'),(9596,232,74,'/var/lib/nginx/tmp/fastcgi'),(9597,232,75,'/var/lib/nginx/tmp/uwsgi'),(9598,232,76,'/var/lib/nginx/tmp/scgi'),(9599,232,6,NULL),(9600,232,13,NULL),(9601,232,18,NULL),(9602,232,59,NULL),(9603,232,395,NULL),(9604,232,396,NULL),(9605,232,61,'/usr/share/nginx'),(9606,232,62,'/usr/sbin/nginx'),(9607,232,63,'/etc/nginx/nginx.conf'),(9608,232,48,NULL),(9609,232,42,NULL),(9610,232,384,NULL),(9611,232,385,NULL),(9612,232,229,NULL),(9613,232,230,NULL),(9614,232,231,NULL),(9615,232,232,NULL),(9616,232,233,NULL),(9617,232,234,NULL),(9618,232,235,NULL),(9619,232,238,NULL),(9620,232,381,NULL),(9621,232,386,NULL),(9622,232,387,NULL),(9623,232,388,NULL),(9624,232,389,NULL),(9625,232,397,NULL),(9626,232,398,NULL),(9627,232,399,NULL),(9628,232,404,NULL),(9629,232,405,NULL),(9630,233,80,NULL),(9631,233,81,NULL),(9632,233,82,NULL),(9633,233,83,NULL),(9634,233,87,NULL),(9635,233,88,NULL),(9636,233,89,NULL),(9637,233,90,NULL),(9638,233,92,NULL),(9639,233,93,NULL),(9640,233,94,NULL),(9641,233,95,NULL),(9642,233,96,NULL),(9643,233,137,'/var/log/nginx/error.log'),(9644,233,138,'/var/run/nginx.pid'),(9645,233,139,'/var/lock/subsys/nginx'),(9646,233,140,'nginx'),(9647,233,141,'nginx'),(9648,233,144,'/var/log/nginx/access.log'),(9649,233,145,'/var/lib/nginx/tmp/client_body'),(9650,233,146,'/var/lib/nginx/tmp/proxy'),(9651,233,147,'/var/lib/nginx/tmp/fastcgi'),(9652,233,148,'/var/lib/nginx/tmp/uwsgi'),(9653,233,149,'/var/lib/nginx/tmp/scgi'),(9654,233,134,'/usr/share/nginx'),(9655,233,135,'/usr/sbin/nginx'),(9656,233,136,'/etc/nginx/nginx.conf'),(9657,233,121,NULL),(9746,237,80,NULL),(9747,237,81,NULL),(9748,237,82,NULL),(9749,237,83,NULL),(9750,237,87,NULL),(9751,237,88,NULL),(9752,237,89,NULL),(9753,237,90,NULL),(9754,237,92,NULL),(9755,237,93,NULL),(9756,237,94,NULL),(9757,237,95,NULL),(9758,237,96,NULL),(9759,237,137,'/var/log/nginx/error.log'),(9760,237,138,'/var/run/nginx.pid'),(9761,237,139,'/var/lock/subsys/nginx'),(9762,237,140,'nginx'),(9763,237,141,'nginx'),(9764,237,144,'/var/log/nginx/access.log'),(9765,237,145,'/var/lib/nginx/tmp/client_body'),(9766,237,146,'/var/lib/nginx/tmp/proxy'),(9767,237,147,'/var/lib/nginx/tmp/fastcgi'),(9768,237,148,'/var/lib/nginx/tmp/uwsgi'),(9769,237,149,'/var/lib/nginx/tmp/scgi'),(9770,237,134,'/usr/share/nginx'),(9771,237,135,'/usr/sbin/nginx'),(9772,237,136,'/etc/nginx/nginx.conf'),(9773,237,121,NULL),(9774,237,224,NULL),(10158,264,7,NULL),(10159,264,8,NULL),(10160,264,9,NULL),(10161,264,10,NULL),(10162,264,14,NULL),(10163,264,15,NULL),(10164,264,16,NULL),(10165,264,17,NULL),(10166,264,19,NULL),(10167,264,20,NULL),(10168,264,21,NULL),(10169,264,22,NULL),(10170,264,23,NULL),(10171,264,64,'/var/log/nginx/error.log'),(10172,264,65,'/var/run/nginx.pid'),(10173,264,66,'/var/lock/subsys/nginx'),(10174,264,67,'nginx'),(10175,264,68,'nginx'),(10176,264,71,'/var/log/nginx/access.log'),(10177,264,72,'/var/lib/nginx/tmp/client_body'),(10178,264,73,'/var/lib/nginx/tmp/proxy'),(10179,264,74,'/var/lib/nginx/tmp/fastcgi'),(10180,264,75,'/var/lib/nginx/tmp/uwsgi'),(10181,264,76,'/var/lib/nginx/tmp/scgi'),(10182,264,4,NULL),(10183,264,5,NULL),(10184,264,61,'/usr/share/nginx'),(10185,264,62,'/usr/sbin/nginx'),(10186,264,63,'/etc/nginx/nginx.conf'),(10187,264,48,NULL),(10188,266,7,NULL),(10189,266,8,NULL),(10190,266,9,NULL),(10191,266,10,NULL),(10192,266,14,NULL),(10193,266,15,NULL),(10194,266,16,NULL),(10195,266,17,NULL),(10196,266,19,NULL),(10197,266,20,NULL),(10198,266,21,NULL),(10199,266,22,NULL),(10200,266,23,NULL),(10201,266,64,'/var/log/nginx/error.log'),(10202,266,65,'/var/run/nginx.pid'),(10203,266,66,'/var/lock/subsys/nginx'),(10204,266,67,'nginx'),(10205,266,68,'nginx'),(10206,266,71,'/var/log/nginx/access.log'),(10207,266,72,'/var/lib/nginx/tmp/client_body'),(10208,266,73,'/var/lib/nginx/tmp/proxy'),(10209,266,74,'/var/lib/nginx/tmp/fastcgi'),(10210,266,75,'/var/lib/nginx/tmp/uwsgi'),(10211,266,76,'/var/lib/nginx/tmp/scgi'),(10212,266,61,'/usr/share/nginx'),(10213,266,62,'/usr/sbin/nginx'),(10214,266,63,'/etc/nginx/nginx.conf'),(10215,266,48,NULL),(10216,266,401,NULL),(10217,266,402,NULL),(10218,266,403,NULL),(10219,266,404,NULL),(10220,266,405,NULL),(10245,271,7,NULL),(10246,271,8,NULL),(10247,271,9,NULL),(10248,271,10,NULL),(10249,271,14,NULL),(10250,271,15,NULL),(10251,271,16,NULL),(10252,271,17,NULL),(10253,271,19,NULL),(10254,271,20,NULL),(10255,271,21,NULL),(10256,271,22,NULL),(10257,271,23,NULL),(10258,271,64,'/var/log/nginx/error.log'),(10259,271,65,'/var/run/nginx.pid'),(10260,271,66,'/var/lock/subsys/nginx'),(10261,271,67,'nginx'),(10262,271,68,'nginx'),(10263,271,71,'/var/log/nginx/access.log'),(10264,271,72,'/var/lib/nginx/tmp/client_body'),(10265,271,73,'/var/lib/nginx/tmp/proxy'),(10266,271,74,'/var/lib/nginx/tmp/fastcgi'),(10267,271,75,'/var/lib/nginx/tmp/uwsgi'),(10268,271,76,'/var/lib/nginx/tmp/scgi'),(10269,271,61,'/usr/share/nginx'),(10270,271,62,'/usr/sbin/nginx'),(10271,271,63,'/etc/nginx/nginx.conf'),(10272,271,48,NULL),(10273,271,404,NULL),(10274,271,405,NULL),(10275,271,407,NULL),(10276,273,80,NULL),(10277,273,81,NULL),(10278,273,82,NULL),(10279,273,83,NULL),(10280,273,87,NULL),(10281,273,88,NULL),(10282,273,89,NULL),(10283,273,90,NULL),(10284,273,92,NULL),(10285,273,93,NULL),(10286,273,94,NULL),(10287,273,95,NULL),(10288,273,96,NULL),(10289,273,137,'/var/log/nginx/error.log'),(10290,273,138,'/var/run/nginx.pid'),(10291,273,139,'/var/lock/subsys/nginx'),(10292,273,140,'nginx'),(10293,273,141,'nginx'),(10294,273,144,'/var/log/nginx/access.log'),(10295,273,145,'/var/lib/nginx/tmp/client_body'),(10296,273,146,'/var/lib/nginx/tmp/proxy'),(10297,273,147,'/var/lib/nginx/tmp/fastcgi'),(10298,273,148,'/var/lib/nginx/tmp/uwsgi'),(10299,273,149,'/var/lib/nginx/tmp/scgi'),(10300,273,77,NULL),(10301,273,78,NULL),(10302,273,79,NULL),(10303,273,84,NULL),(10304,273,85,NULL),(10305,273,86,NULL),(10306,273,97,NULL),(10307,273,98,NULL),(10308,273,99,NULL),(10309,273,100,NULL),(10310,273,101,NULL),(10311,273,102,NULL),(10312,273,103,NULL),(10313,273,104,NULL),(10314,273,105,NULL),(10315,273,106,NULL),(10316,273,107,NULL),(10317,273,109,NULL),(10318,273,110,NULL),(10319,273,111,NULL),(10320,273,112,NULL),(10321,273,113,NULL),(10322,273,114,NULL),(10323,273,115,NULL),(10324,273,116,NULL),(10325,273,117,NULL),(10326,273,118,NULL),(10327,273,119,NULL),(10328,273,120,NULL),(10329,273,123,NULL),(10330,273,124,NULL),(10331,273,125,NULL),(10332,273,126,NULL),(10333,273,127,NULL),(10334,273,128,NULL),(10335,273,129,NULL),(10336,273,130,NULL),(10337,273,131,NULL),(10338,273,132,NULL),(10339,273,133,NULL),(10340,273,134,'/usr/share/nginx'),(10341,273,135,'/usr/sbin/nginx'),(10342,273,136,'/etc/nginx/nginx.conf'),(10343,273,121,NULL),(10344,273,228,NULL),(10345,273,223,NULL),(10346,273,224,NULL),(10347,273,225,NULL),(10348,273,227,NULL),(10349,273,236,NULL),(10350,273,237,NULL),(10379,275,80,NULL),(10380,275,82,NULL),(10381,275,83,NULL),(10382,275,87,NULL),(10383,275,88,NULL),(10384,275,89,NULL),(10385,275,90,NULL),(10386,275,92,NULL),(10387,275,93,NULL),(10388,275,94,NULL),(10389,275,95,NULL),(10390,275,96,NULL),(10391,275,137,'/var/log/nginx/error.log'),(10392,275,138,'/var/run/nginx.pid'),(10393,275,139,'/var/lock/subsys/nginx'),(10394,275,140,'nginx'),(10395,275,141,'nginx'),(10396,275,144,'/var/log/nginx/access.log'),(10397,275,145,'/var/lib/nginx/tmp/client_body'),(10398,275,146,'/var/lib/nginx/tmp/proxy'),(10399,275,149,'/var/lib/nginx/tmp/scgi'),(10400,275,134,'/usr/share/nginx'),(10401,275,135,'/usr/sbin/nginx'),(10402,275,136,'/etc/nginx/nginx.conf'),(10403,275,121,NULL),(10404,281,7,NULL),(10405,281,8,NULL),(10406,281,9,NULL),(10407,281,10,NULL),(10408,281,14,NULL),(10409,281,15,NULL),(10410,281,16,NULL),(10411,281,17,NULL),(10412,281,19,NULL),(10413,281,20,NULL),(10414,281,21,NULL),(10415,281,23,NULL),(10416,281,64,'/var/log/nginx/error.log'),(10417,281,65,'/var/run/nginx.pid'),(10418,281,66,'/var/lock/subsys/nginx'),(10419,281,67,'nginx'),(10420,281,68,'nginx'),(10421,281,71,'/var/log/nginx/access.log'),(10422,281,72,'/var/lib/nginx/tmp/client_body'),(10423,281,73,'/var/lib/nginx/tmp/proxy'),(10424,281,74,'/var/lib/nginx/tmp/fastcgi'),(10425,281,75,'/var/lib/nginx/tmp/uwsgi'),(10426,281,76,'/var/lib/nginx/tmp/scgi'),(10427,281,61,'/usr/share/nginx'),(10428,281,62,'/usr/sbin/nginx'),(10429,281,63,'/etc/nginx/nginx.conf'),(10430,281,48,NULL),(10431,284,80,NULL),(10432,284,81,NULL),(10433,284,82,NULL),(10434,284,83,NULL),(10435,284,87,NULL),(10436,284,88,NULL),(10437,284,89,NULL),(10438,284,90,NULL),(10439,284,92,NULL),(10440,284,93,NULL),(10441,284,94,NULL),(10442,284,95,NULL),(10443,284,96,NULL),(10444,284,137,'/var/log/nginx/error.log'),(10445,284,138,'/var/run/nginx.pid'),(10446,284,139,'/var/lock/subsys/nginx'),(10447,284,140,'nginx'),(10448,284,141,'nginx'),(10449,284,144,'/var/log/nginx/access.log'),(10450,284,145,'/var/lib/nginx/tmp/client_body'),(10451,284,146,'/var/lib/nginx/tmp/proxy'),(10452,284,147,'/var/lib/nginx/tmp/fastcgi'),(10453,284,148,'/var/lib/nginx/tmp/uwsgi'),(10454,284,149,'/var/lib/nginx/tmp/scgi'),(10455,284,134,'/usr/share/nginx'),(10456,284,135,'/usr/sbin/nginx'),(10457,284,136,'/etc/nginx/nginx.conf'),(10458,284,121,NULL),(10459,285,7,NULL),(10460,285,8,NULL),(10461,285,9,NULL),(10462,285,10,NULL),(10463,285,14,NULL),(10464,285,15,NULL),(10465,285,16,NULL),(10466,285,17,NULL),(10467,285,19,NULL),(10468,285,20,NULL),(10469,285,21,NULL),(10470,285,22,NULL),(10471,285,23,NULL),(10472,285,64,'/var/log/nginx/error.log'),(10473,285,65,'/var/run/nginx.pid'),(10474,285,66,'/var/lock/subsys/nginx'),(10475,285,67,'nginx'),(10476,285,68,'nginx'),(10477,285,71,'/var/log/nginx/access.log'),(10478,285,72,'/var/lib/nginx/tmp/client_body'),(10479,285,73,'/var/lib/nginx/tmp/proxy'),(10480,285,74,'/var/lib/nginx/tmp/fastcgi'),(10481,285,75,'/var/lib/nginx/tmp/uwsgi'),(10482,285,76,'/var/lib/nginx/tmp/scgi'),(10483,285,61,'/usr/share/nginx'),(10484,285,62,'/usr/sbin/nginx'),(10485,285,63,'/etc/nginx/nginx.conf'),(10486,285,48,NULL),(10487,285,406,NULL),(10488,285,407,NULL),(10489,287,80,NULL),(10490,287,81,NULL),(10491,287,82,NULL),(10492,287,83,NULL),(10493,287,87,NULL),(10494,287,88,NULL),(10495,287,89,NULL),(10496,287,90,NULL),(10497,287,92,NULL),(10498,287,93,NULL),(10499,287,94,NULL),(10500,287,95,NULL),(10501,287,96,NULL),(10502,287,137,'/var/log/nginx/error.log'),(10503,287,138,'/var/run/nginx.pid'),(10504,287,139,'/var/lock/subsys/nginx'),(10505,287,140,'nginx'),(10506,287,141,'nginx'),(10507,287,144,'/var/log/nginx/access.log'),(10508,287,145,'/var/lib/nginx/tmp/client_body'),(10509,287,146,'/var/lib/nginx/tmp/proxy'),(10510,287,147,'/var/lib/nginx/tmp/fastcgi'),(10511,287,148,'/var/lib/nginx/tmp/uwsgi'),(10512,287,149,'/var/lib/nginx/tmp/scgi'),(10513,287,77,NULL),(10514,287,78,NULL),(10515,287,79,NULL),(10516,287,84,NULL),(10517,287,85,NULL),(10518,287,86,NULL),(10519,287,97,NULL),(10520,287,98,NULL),(10521,287,99,NULL),(10522,287,100,NULL),(10523,287,101,NULL),(10524,287,102,NULL),(10525,287,103,NULL),(10526,287,104,NULL),(10527,287,105,NULL),(10528,287,106,NULL),(10529,287,107,NULL),(10530,287,109,NULL),(10531,287,110,NULL),(10532,287,111,NULL),(10533,287,112,NULL),(10534,287,113,NULL),(10535,287,114,NULL),(10536,287,115,NULL),(10537,287,116,NULL),(10538,287,117,NULL),(10539,287,118,NULL),(10540,287,119,NULL),(10541,287,120,NULL),(10542,287,123,NULL),(10543,287,124,NULL),(10544,287,125,NULL),(10545,287,126,NULL),(10546,287,127,NULL),(10547,287,128,NULL),(10548,287,129,NULL),(10549,287,130,NULL),(10550,287,131,NULL),(10551,287,132,NULL),(10552,287,133,NULL),(10553,287,134,'/usr/share/nginx'),(10554,287,135,'/usr/sbin/nginx'),(10555,287,136,'/etc/nginx/nginx.conf'),(10556,287,121,NULL),(10557,287,228,NULL),(10558,287,223,NULL),(10559,287,224,NULL),(10560,287,225,NULL),(10561,287,227,NULL),(10562,287,236,NULL),(10563,287,237,NULL),(10564,291,7,NULL),(10565,291,8,NULL),(10566,291,9,NULL),(10567,291,10,NULL),(10568,291,14,NULL),(10569,291,15,NULL),(10570,291,16,NULL),(10571,291,17,NULL),(10572,291,19,NULL),(10573,291,20,NULL),(10574,291,21,NULL),(10575,291,22,NULL),(10576,291,23,NULL),(10577,291,64,'/var/log/nginx/error.log'),(10578,291,65,'/var/run/nginx.pid'),(10579,291,66,'/var/lock/subsys/nginx'),(10580,291,67,'nginx'),(10581,291,68,'nginx'),(10582,291,71,'/var/log/nginx/access.log'),(10583,291,72,'/var/lib/nginx/tmp/client_body'),(10584,291,73,'/var/lib/nginx/tmp/proxy'),(10585,291,74,'/var/lib/nginx/tmp/fastcgi'),(10586,291,75,'/var/lib/nginx/tmp/uwsgi'),(10587,291,76,'/var/lib/nginx/tmp/scgi'),(10588,291,36,NULL),(10589,291,61,'/usr/share/nginx'),(10590,291,62,'/usr/sbin/nginx'),(10591,291,63,'/etc/nginx/nginx.conf'),(10592,291,48,NULL),(10593,294,307,NULL),(10594,294,308,NULL),(10595,294,309,NULL),(10596,294,310,NULL),(10597,294,314,NULL),(10598,294,315,NULL),(10599,294,316,NULL),(10600,294,317,NULL),(10601,294,319,NULL),(10602,294,320,NULL),(10603,294,321,NULL),(10604,294,322,NULL),(10605,294,323,NULL),(10606,294,364,'/var/log/nginx/error.log'),(10607,294,365,'/var/run/nginx.pid'),(10608,294,366,'/var/lock/subsys/nginx'),(10609,294,367,'nginx'),(10610,294,368,'nginx'),(10611,294,371,'/var/log/nginx/access.log'),(10612,294,372,'/var/lib/nginx/tmp/client_body'),(10613,294,373,'/var/lib/nginx/tmp/proxy'),(10614,294,374,'/var/lib/nginx/tmp/fastcgi'),(10615,294,375,'/var/lib/nginx/tmp/uwsgi'),(10616,294,376,'/var/lib/nginx/tmp/scgi'),(10617,294,311,NULL),(10618,294,324,NULL),(10619,294,325,NULL),(10620,294,326,NULL),(10621,294,361,'/usr/share/nginx'),(10622,294,362,'/usr/sbin/nginx'),(10623,294,363,'/etc/nginx/nginx.conf'),(10624,294,348,NULL),(10653,290,153,NULL),(10654,290,154,NULL),(10655,290,155,NULL),(10656,290,156,NULL),(10657,290,160,NULL),(10658,290,161,NULL),(10659,290,162,NULL),(10660,290,163,NULL),(10661,290,165,NULL),(10662,290,166,NULL),(10663,290,167,NULL),(10664,290,168,NULL),(10665,290,169,NULL),(10666,290,210,'/var/log/nginx/error.log'),(10667,290,211,'/var/run/nginx.pid'),(10668,290,212,'/var/lock/subsys/nginx'),(10669,290,213,'nginx'),(10670,290,214,'nginx'),(10671,290,217,'/var/log/nginx/access.log'),(10672,290,218,'/var/lib/nginx/tmp/client_body'),(10673,290,219,'/var/lib/nginx/tmp/proxy'),(10674,290,220,'/var/lib/nginx/tmp/fastcgi'),(10675,290,221,'/var/lib/nginx/tmp/uwsgi'),(10676,290,222,'/var/lib/nginx/tmp/scgi'),(10677,290,207,'/usr/share/nginx'),(10678,290,208,'/usr/sbin/nginx'),(10679,290,209,'/etc/nginx/nginx.conf'),(10680,290,194,NULL),(10681,297,7,NULL),(10682,297,8,NULL),(10683,297,9,NULL),(10684,297,10,NULL),(10685,297,14,NULL),(10686,297,15,NULL),(10687,297,16,NULL),(10688,297,17,NULL),(10689,297,19,NULL),(10690,297,20,NULL),(10691,297,21,NULL),(10692,297,22,NULL),(10693,297,23,NULL),(10694,297,64,'/var/log/nginx/error.log'),(10695,297,65,'/var/run/nginx.pid'),(10696,297,66,'/var/lock/subsys/nginx'),(10697,297,67,'nginx'),(10698,297,68,'nginx'),(10699,297,71,'/var/log/nginx/access.log'),(10700,297,72,'/var/lib/nginx/tmp/client_body'),(10701,297,73,'/var/lib/nginx/tmp/proxy'),(10702,297,74,'/var/lib/nginx/tmp/fastcgi'),(10703,297,75,'/var/lib/nginx/tmp/uwsgi'),(10704,297,76,'/var/lib/nginx/tmp/scgi'),(10705,297,61,'/usr/share/nginx'),(10706,297,62,'/usr/sbin/nginx'),(10707,297,63,'/etc/nginx/nginx.conf'),(10708,297,48,NULL),(10709,297,407,NULL),(10710,298,307,NULL),(10711,298,308,NULL),(10712,298,309,NULL),(10713,298,310,NULL),(10714,298,314,NULL),(10715,298,315,NULL),(10716,298,316,NULL),(10717,298,317,NULL),(10718,298,319,NULL),(10719,298,320,NULL),(10720,298,321,NULL),(10721,298,322,NULL),(10722,298,323,NULL),(10723,298,364,'/var/log/nginx/error.log'),(10724,298,365,'/var/run/nginx.pid'),(10725,298,366,'/var/lock/subsys/nginx'),(10726,298,367,'nginx'),(10727,298,368,'nginx'),(10728,298,371,'/var/log/nginx/access.log'),(10729,298,372,'/var/lib/nginx/tmp/client_body'),(10730,298,373,'/var/lib/nginx/tmp/proxy'),(10731,298,374,'/var/lib/nginx/tmp/fastcgi'),(10732,298,375,'/var/lib/nginx/tmp/uwsgi'),(10733,298,376,'/var/lib/nginx/tmp/scgi'),(10734,298,313,NULL),(10735,298,324,NULL),(10736,298,361,'/usr/share/nginx'),(10737,298,362,'/usr/sbin/nginx'),(10738,298,363,'/etc/nginx/nginx.conf'),(10739,298,348,NULL),(10740,299,153,NULL),(10741,299,154,NULL),(10742,299,155,NULL),(10743,299,156,NULL),(10744,299,160,NULL),(10745,299,161,NULL),(10746,299,162,NULL),(10747,299,163,NULL),(10748,299,165,NULL),(10749,299,166,NULL),(10750,299,167,NULL),(10751,299,168,NULL),(10752,299,169,NULL),(10753,299,210,'/var/log/nginx/error.log'),(10754,299,211,'/var/run/nginx.pid'),(10755,299,212,'/var/lock/subsys/nginx'),(10756,299,213,'nginx'),(10757,299,214,'nginx'),(10758,299,217,'/var/log/nginx/access.log'),(10759,299,218,'/var/lib/nginx/tmp/client_body'),(10760,299,219,'/var/lib/nginx/tmp/proxy'),(10761,299,220,'/var/lib/nginx/tmp/fastcgi'),(10762,299,221,'/var/lib/nginx/tmp/uwsgi'),(10763,299,222,'/var/lib/nginx/tmp/scgi'),(10764,299,207,'/usr/share/nginx'),(10765,299,208,'/usr/sbin/nginx'),(10766,299,209,'/etc/nginx/nginx.conf'),(10767,299,194,NULL),(10768,303,7,NULL),(10769,303,8,NULL),(10770,303,9,NULL),(10771,303,10,NULL),(10772,303,14,NULL),(10773,303,15,NULL),(10774,303,16,NULL),(10775,303,17,NULL),(10776,303,19,NULL),(10777,303,20,NULL),(10778,303,21,NULL),(10779,303,22,NULL),(10780,303,23,NULL),(10781,303,64,'/var/log/nginx/error.log'),(10782,303,65,'/var/run/nginx.pid'),(10783,303,66,'/var/lock/subsys/nginx'),(10784,303,67,'nginx'),(10785,303,68,'nginx'),(10786,303,71,'/var/log/nginx/access.log'),(10787,303,72,'/var/lib/nginx/tmp/client_body'),(10788,303,73,'/var/lib/nginx/tmp/proxy'),(10789,303,74,'/var/lib/nginx/tmp/fastcgi'),(10790,303,75,'/var/lib/nginx/tmp/uwsgi'),(10791,303,76,'/var/lib/nginx/tmp/scgi'),(10792,303,61,'/usr/share/nginx'),(10793,303,62,'/usr/sbin/nginx'),(10794,303,63,'/etc/nginx/nginx.conf'),(10795,303,48,NULL),(10796,305,153,NULL),(10797,305,154,NULL),(10798,305,155,NULL),(10799,305,156,NULL),(10800,305,160,NULL),(10801,305,161,NULL),(10802,305,162,NULL),(10803,305,163,NULL),(10804,305,165,NULL),(10805,305,166,NULL),(10806,305,167,NULL),(10807,305,168,NULL),(10808,305,169,NULL),(10809,305,210,'/var/log/nginx/error.log'),(10810,305,211,'/var/run/nginx.pid'),(10811,305,212,'/var/lock/subsys/nginx'),(10812,305,213,'nginx'),(10813,305,214,'nginx'),(10814,305,217,'/var/log/nginx/access.log'),(10815,305,218,'/var/lib/nginx/tmp/client_body'),(10816,305,219,'/var/lib/nginx/tmp/proxy'),(10817,305,220,'/var/lib/nginx/tmp/fastcgi'),(10818,305,221,'/var/lib/nginx/tmp/uwsgi'),(10819,305,222,'/var/lib/nginx/tmp/scgi'),(10820,305,207,'/usr/share/nginx'),(10821,305,208,'/usr/sbin/nginx'),(10822,305,209,'/etc/nginx/nginx.conf'),(10823,305,194,NULL),(10824,306,7,NULL),(10825,306,8,NULL),(10826,306,9,NULL),(10827,306,10,NULL),(10828,306,14,NULL),(10829,306,15,NULL),(10830,306,16,NULL),(10831,306,17,NULL),(10832,306,19,NULL),(10833,306,20,NULL),(10834,306,21,NULL),(10835,306,22,NULL),(10836,306,23,NULL),(10837,306,64,'/var/log/nginx/error.log'),(10838,306,65,'/var/run/nginx.pid'),(10839,306,66,'/var/lock/subsys/nginx'),(10840,306,67,'nginx'),(10841,306,68,'nginx'),(10842,306,71,'/var/log/nginx/access.log'),(10843,306,72,'/var/lib/nginx/tmp/client_body'),(10844,306,73,'/var/lib/nginx/tmp/proxy'),(10845,306,74,'/var/lib/nginx/tmp/fastcgi'),(10846,306,75,'/var/lib/nginx/tmp/uwsgi'),(10847,306,76,'/var/lib/nginx/tmp/scgi'),(10848,306,61,'/usr/share/nginx'),(10849,306,62,'/usr/sbin/nginx'),(10850,306,63,'/etc/nginx/nginx.conf'),(10851,306,48,NULL),(10852,309,80,NULL),(10853,309,81,NULL),(10854,309,82,NULL),(10855,309,83,NULL),(10856,309,87,NULL),(10857,309,88,NULL),(10858,309,89,NULL),(10859,309,90,NULL),(10860,309,92,NULL),(10861,309,93,NULL),(10862,309,94,NULL),(10863,309,95,NULL),(10864,309,96,NULL),(10865,309,137,'/var/log/nginx/error.log'),(10866,309,138,'/var/run/nginx.pid'),(10867,309,139,'/var/lock/subsys/nginx'),(10868,309,140,'nginx'),(10869,309,141,'nginx'),(10870,309,144,'/var/log/nginx/access.log'),(10871,309,145,'/var/lib/nginx/tmp/client_body'),(10872,309,146,'/var/lib/nginx/tmp/proxy'),(10873,309,147,'/var/lib/nginx/tmp/fastcgi'),(10874,309,148,'/var/lib/nginx/tmp/uwsgi'),(10875,309,149,'/var/lib/nginx/tmp/scgi'),(10876,309,78,NULL),(10877,309,113,NULL),(10878,309,130,NULL),(10879,309,134,'/usr/share/nginx'),(10880,309,135,'/usr/sbin/nginx'),(10881,309,136,'/etc/nginx/nginx.conf'),(10882,309,121,NULL),(10883,263,8,NULL),(10884,263,9,NULL),(10885,263,10,NULL),(10886,263,14,NULL),(10887,263,15,NULL),(10888,263,16,NULL),(10889,263,17,NULL),(10890,263,19,NULL),(10891,263,20,NULL),(10892,263,21,NULL),(10893,263,22,NULL),(10894,263,23,NULL),(10895,263,64,'/var/log/nginx/error.log'),(10896,263,65,'/var/run/nginx.pid'),(10897,263,66,'/var/lock/subsys/nginx'),(10898,263,67,'nginx'),(10899,263,68,'nginx'),(10900,263,71,'/var/log/nginx/access.log'),(10901,263,72,'/var/lib/nginx/tmp/client_body'),(10902,263,73,'/var/lib/nginx/tmp/proxy'),(10903,263,74,'/var/lib/nginx/tmp/fastcgi'),(10904,263,75,'/var/lib/nginx/tmp/uwsgi'),(10905,263,76,'/var/lib/nginx/tmp/scgi'),(10906,263,61,'/usr/share/nginx'),(10907,263,62,'/usr/sbin/nginx'),(10908,263,63,'/etc/nginx/nginx.conf'),(10909,263,48,NULL);
/*!40000 ALTER TABLE `builds_opts` ENABLE KEYS */;
UNLOCK TABLES;

--
-- Table structure for table `options`
--

DROP TABLE IF EXISTS `options`;
/*!40101 SET @saved_cs_client     = @@character_set_client */;
/*!40101 SET character_set_client = utf8 */;
CREATE TABLE `options` (
  `id` smallint(2) unsigned NOT NULL AUTO_INCREMENT,
  `name` varchar(64) NOT NULL,
  `display_name` varchar(64) NOT NULL,
  `packet` smallint(3) NOT NULL,
  `description` text,
  `deps` varchar(255) DEFAULT NULL,
  `custom` varchar(255) DEFAULT NULL,
  `allow_custom` enum('no','yes') NOT NULL DEFAULT 'no',
  `default` enum('yes','no') NOT NULL DEFAULT 'no',
  `need` enum('yes','no') NOT NULL DEFAULT 'no',
  `priority` smallint(2) NOT NULL DEFAULT '1',
  PRIMARY KEY (`id`)
) ENGINE=InnoDB AUTO_INCREMENT=408 DEFAULT CHARSET=utf8;
/*!40101 SET character_set_client = @saved_cs_client */;

--
-- Dumping data for table `options`
--

LOCK TABLES `options` WRITE;
/*!40000 ALTER TABLE `options` DISABLE KEYS */;
INSERT INTO `options` VALUES (4,'--with-rtsig_module','with-rtsig_module',1,'enable rtsig module',NULL,NULL,'no','no','no',1),(5,'--with-select_module','with-select_module',1,'enable select module',NULL,NULL,'no','no','no',1),(6,'--with-poll_module','with-poll_module',1,'enable poll module',NULL,NULL,'no','no','no',1),(7,'--with-file-aio','with-file-aio',1,'enable file AIO support',NULL,NULL,'no','yes','no',1),(8,'--with-ipv6','with-ipv6',1,'enable IPv6 support',NULL,NULL,'no','yes','no',1),(9,'--with-http_ssl_module','with-http_ssl_module',1,'enable ngx_http_ssl_module',NULL,NULL,'no','yes','no',1),(10,'--with-http_realip_module','with-http_realip_module',1,'enable ngx_http_realip_module',NULL,NULL,'no','yes','no',1),(11,'--with-http_xslt_module','with-http_xslt_module',1,'enable ngx_http_xslt_module',NULL,NULL,'no','no','no',1),(12,'--with-http_image_filter_module','with-http_image_filter_module',1,'enable ngx_http_image_filter_module',NULL,NULL,'no','no','no',1),(13,'--with-http_geoip_module','with-http_geoip_module',1,'enable ngx_http_geoip_module',NULL,NULL,'no','no','no',1),(14,'--with-http_sub_module','with-http_sub_module',1,'enable ngx_http_sub_module',NULL,NULL,'no','yes','no',1),(15,'--with-http_dav_module','with-http_dav_module',1,'enable ngx_http_dav_module',NULL,NULL,'no','yes','no',1),(16,'--with-http_flv_module','with-http_flv_module',1,'enable ngx_http_flv_module',NULL,NULL,'no','yes','no',1),(17,'--with-http_mp4_module','with-http_mp4_module',1,'enable ngx_http_mp4_module',NULL,NULL,'no','yes','no',1),(18,'--with-http_gunzip_module','with-http_gunzip_module',1,'enable ngx_http_gunzip_module',NULL,NULL,'no','no','no',1),(19,'--with-http_gzip_static_module','with-http_gzip_static_module',1,'enable ngx_http_gzip_static_module',NULL,NULL,'no','yes','no',1),(20,'--with-http_random_index_module','with-http_random_index_module',1,'enable ngx_http_random_index_module',NULL,NULL,'no','yes','no',1),(21,'--with-http_secure_link_module','with-http_secure_link_module',1,'enable ngx_http_secure_link_module',NULL,NULL,'no','yes','no',1),(22,'--with-http_degradation_module','with-http_degradation_module',1,'enable ngx_http_degradation_module',NULL,NULL,'no','yes','no',1),(23,'--with-http_stub_status_module','with-http_stub_status_module',1,'enable ngx_http_stub_status_module',NULL,NULL,'no','yes','no',1),(24,'--without-http_charset_module','without-http_charset_module',1,'disable ngx_http_charset_module',NULL,NULL,'no','no','no',1),(25,'--without-http_gzip_module','without-http_gzip_module',1,'disable ngx_http_gzip_module',NULL,NULL,'no','no','no',1),(26,'--without-http_ssi_module','without-http_ssi_module',1,'disable ngx_http_ssi_module',NULL,NULL,'no','no','no',1),(27,'--without-http_userid_module','without-http_userid_module',1,'disable ngx_http_userid_module',NULL,NULL,'no','no','no',1),(28,'--without-http_access_module','without-http_access_module',1,'disable ngx_http_access_module',NULL,NULL,'no','no','no',1),(29,'--without-http_auth_basic_module','without-http_auth_basic_module',1,'disable ngx_http_auth_basic_module',NULL,NULL,'no','no','no',1),(30,'--without-http_autoindex_module','without-http_autoindex_module',1,'disable ngx_http_autoindex_module',NULL,NULL,'no','no','no',1),(31,'--without-http_geo_module','without-http_geo_module',1,'disable ngx_http_geo_module',NULL,NULL,'no','no','no',1),(32,'--without-http_map_module','without-http_map_module',1,'disable ngx_http_map_module',NULL,NULL,'no','no','no',1),(33,'--without-http_split_clients_module','without-http_split_clients_module',1,'disable ngx_http_split_clients_module',NULL,NULL,'no','no','no',1),(34,'--without-http_referer_module','without-http_referer_module',1,'disable ngx_http_referer_module',NULL,NULL,'no','no','no',1),(36,'--without-http_proxy_module','without-http_proxy_module',1,'disable ngx_http_proxy_module',NULL,NULL,'no','no','no',1),(37,'--without-http_fastcgi_module','without-http_fastcgi_module',1,'disable ngx_http_fastcgi_module',NULL,NULL,'no','no','no',1),(38,'--without-http_uwsgi_module','without-http_uwsgi_module',1,'disable ngx_http_uwsgi_module',NULL,NULL,'no','no','no',1),(39,'--without-http_scgi_module','without-http_scgi_module',1,'disable ngx_http_scgi_module',NULL,NULL,'no','no','no',1),(40,'--without-http_memcached_module','without-http_memcached_module',1,'disable ngx_http_memcached_module',NULL,NULL,'no','no','no',1),(41,'--without-http_limit_conn_module','without-http_limit_conn_module',1,'disable ngx_http_limit_conn_module',NULL,NULL,'no','no','no',1),(42,'--without-http_limit_req_module','without-http_limit_req_module',1,'disable ngx_http_limit_req_module',NULL,NULL,'no','no','no',1),(43,'--without-http_empty_gif_module','without-http_empty_gif_module',1,'disable ngx_http_empty_gif_module',NULL,NULL,'no','no','no',1),(44,'--without-http_browser_module','without-http_browser_module',1,'disable ngx_http_browser_module',NULL,NULL,'no','no','no',1),(45,'--without-http_upstream_ip_hash_module','without-http_upstream_ip_hash_module',1,'disable ngx_http_upstream_ip_hash_module',NULL,NULL,'no','no','no',1),(46,'--without-http_upstream_least_conn_module','without-http_upstream_least_conn_module',1,'disable ngx_http_upstream_least_conn_module',NULL,NULL,'no','no','no',1),(47,'--without-http_upstream_keepalive_module','without-http_upstream_keepalive_module',1,'disable ngx_http_upstream_keepalive_module',NULL,NULL,'no','no','no',1),(48,'--with-http_perl_module','with-http_perl_module',1,'enable ngx_http_perl_module',NULL,NULL,'no','no','yes',1),(50,'--without-http-cache','without-http-cache',1,'disable HTTP cache',NULL,NULL,'no','no','no',1),(51,'--with-mail','with-mail',1,'enable POP3/IMAP4/SMTP proxy module',NULL,NULL,'no','no','no',1),(52,'--with-mail_ssl_module','with-mail_ssl_module',1,'enable ngx_mail_ssl_module',NULL,NULL,'no','no','no',1),(53,'--without-mail_pop3_module','without-mail_pop3_module',1,'disable ngx_mail_pop3_module',NULL,NULL,'no','no','no',1),(54,'--without-mail_imap_module','without-mail_imap_module',1,'disable ngx_mail_imap_module',NULL,NULL,'no','no','no',1),(55,'--without-mail_smtp_module','without-mail_smtp_module',1,'disable ngx_mail_smtp_module',NULL,NULL,'no','no','no',1),(56,'--with-google_perftools_module','with-google_perftools_module',1,'enable ngx_google_perftools_module',NULL,NULL,'no','no','no',1),(57,'--with-cpp_test_module','with-cpp_test_module',1,'enable ngx_cpp_test_module',NULL,NULL,'no','no','no',1),(58,'--without-pcre','without-pcre',1,'disable PCRE library usage',NULL,NULL,'no','no','no',1),(59,'--with-pcre','with-pcre',1,'force PCRE library usage',NULL,NULL,'no','no','no',1),(60,'--with-debug','with-debug',1,'enable debug logging',NULL,NULL,'no','no','no',1),(61,'--prefix','prefix',1,'set installation prefix',NULL,'/usr/share/nginx','no','yes','yes',1),(62,'--sbin-path','sbin-path',1,'set nginx binary pathname',NULL,'/usr/sbin/nginx','no','yes','yes',1),(63,'--conf-path','conf-path',1,'set nginx.conf pathname',NULL,'/etc/nginx/nginx.conf','no','yes','yes',1),(64,'--error-log-path','error-log-path',1,'set error log pathname',NULL,'/var/log/nginx/error.log','no','yes','no',1),(65,'--pid-path','pid-path',1,'set nginx.pid pathname',NULL,'/var/run/nginx.pid','no','yes','no',1),(66,'--lock-path','lock-path',1,'set nginx.lock pathname',NULL,'/var/lock/subsys/nginx','no','yes','no',1),(67,'--user','user',1,'set non-privileged user for worker processes',NULL,'nginx','no','yes','no',1),(68,'--group','group',1,'set non-privileged group for worker processes',NULL,'nginx','no','yes','no',1),(71,'--http-log-path','http-log-path',1,'set http access log pathname',NULL,'/var/log/nginx/access.log','no','yes','no',1),(72,'--http-client-body-temp-path','http-client-body-temp-path',1,'set path to store',NULL,'/var/lib/nginx/tmp/client_body','no','yes','no',1),(73,'--http-proxy-temp-path','http-proxy-temp-path',1,'set path to store http proxy temporary files',NULL,'/var/lib/nginx/tmp/proxy','no','yes','no',1),(74,'--http-fastcgi-temp-path','http-fastcgi-temp-path',1,'set path to store http fastcgi temporary files',NULL,'/var/lib/nginx/tmp/fastcgi','no','yes','no',1),(75,'--http-uwsgi-temp-path','http-uwsgi-temp-path',1,'set path to store http uwsgi temporary files',NULL,'/var/lib/nginx/tmp/uwsgi','no','yes','no',1),(76,'--http-scgi-temp-path','http-scgi-temp-path',1,'set path to store http scgi temporary files',NULL,'/var/lib/nginx/tmp/scgi','no','yes','no',1),(77,'--with-rtsig_module','with-rtsig_module',2,'enable rtsig module',NULL,NULL,'no','no','no',1),(78,'--with-select_module','with-select_module',2,'enable select module',NULL,NULL,'no','no','no',1),(79,'--with-poll_module','with-poll_module',2,'enable poll module',NULL,NULL,'no','no','no',1),(80,'--with-file-aio','with-file-aio',2,'enable file AIO support',NULL,NULL,'no','yes','no',1),(81,'--with-ipv6','with-ipv6',2,'enable IPv6 support',NULL,NULL,'no','yes','no',1),(82,'--with-http_ssl_module','with-http_ssl_module',2,'enable ngx_http_ssl_module',NULL,NULL,'no','yes','no',1),(83,'--with-http_realip_module','with-http_realip_module',2,'enable ngx_http_realip_module',NULL,NULL,'no','yes','no',1),(84,'--with-http_xslt_module','with-http_xslt_module',2,'enable ngx_http_xslt_module',NULL,NULL,'no','no','no',1),(85,'--with-http_image_filter_module','with-http_image_filter_module',2,'enable ngx_http_image_filter_module',NULL,NULL,'no','no','no',1),(86,'--with-http_geoip_module','with-http_geoip_module',2,'enable ngx_http_geoip_module',NULL,NULL,'no','no','no',1),(87,'--with-http_sub_module','with-http_sub_module',2,'enable ngx_http_sub_module',NULL,NULL,'no','yes','no',1),(88,'--with-http_dav_module','with-http_dav_module',2,'enable ngx_http_dav_module',NULL,NULL,'no','yes','no',1),(89,'--with-http_flv_module','with-http_flv_module',2,'enable ngx_http_flv_module',NULL,NULL,'no','yes','no',1),(90,'--with-http_mp4_module','with-http_mp4_module',2,'enable ngx_http_mp4_module',NULL,NULL,'no','yes','no',1),(92,'--with-http_gzip_static_module','with-http_gzip_static_module',2,'enable ngx_http_gzip_static_module',NULL,NULL,'no','yes','no',1),(93,'--with-http_random_index_module','with-http_random_index_module',2,'enable ngx_http_random_index_module',NULL,NULL,'no','yes','no',1),(94,'--with-http_secure_link_module','with-http_secure_link_module',2,'enable ngx_http_secure_link_module',NULL,NULL,'no','yes','no',1),(95,'--with-http_degradation_module','with-http_degradation_module',2,'enable ngx_http_degradation_module',NULL,NULL,'no','yes','no',1),(96,'--with-http_stub_status_module','with-http_stub_status_module',2,'enable ngx_http_stub_status_module',NULL,NULL,'no','yes','no',1),(97,'--without-http_charset_module','without-http_charset_module',2,'disable ngx_http_charset_module',NULL,NULL,'no','no','no',1),(98,'--without-http_gzip_module','without-http_gzip_module',2,'disable ngx_http_gzip_module',NULL,NULL,'no','no','no',1),(99,'--without-http_ssi_module','without-http_ssi_module',2,'disable ngx_http_ssi_module',NULL,NULL,'no','no','no',1),(100,'--without-http_userid_module','without-http_userid_module',2,'disable ngx_http_userid_module',NULL,NULL,'no','no','no',1),(101,'--without-http_access_module','without-http_access_module',2,'disable ngx_http_access_module',NULL,NULL,'no','no','no',1),(102,'--without-http_auth_basic_module','without-http_auth_basic_module',2,'disable ngx_http_auth_basic_module',NULL,NULL,'no','no','no',1),(103,'--without-http_autoindex_module','without-http_autoindex_module',2,'disable ngx_http_autoindex_module',NULL,NULL,'no','no','no',1),(104,'--without-http_geo_module','without-http_geo_module',2,'disable ngx_http_geo_module',NULL,NULL,'no','no','no',1),(105,'--without-http_map_module','without-http_map_module',2,'disable ngx_http_map_module',NULL,NULL,'no','no','no',1),(106,'--without-http_split_clients_module','without-http_split_clients_module',2,'disable ngx_http_split_clients_module',NULL,NULL,'no','no','no',1),(107,'--without-http_referer_module','without-http_referer_module',2,'disable ngx_http_referer_module',NULL,NULL,'no','no','no',1),(109,'--without-http_proxy_module','without-http_proxy_module',2,'disable ngx_http_proxy_module',NULL,NULL,'no','no','no',1),(110,'--without-http_fastcgi_module','without-http_fastcgi_module',2,'disable ngx_http_fastcgi_module',NULL,NULL,'no','no','no',1),(111,'--without-http_uwsgi_module','without-http_uwsgi_module',2,'disable ngx_http_uwsgi_module',NULL,NULL,'no','no','no',1),(112,'--without-http_scgi_module','without-http_scgi_module',2,'disable ngx_http_scgi_module',NULL,NULL,'no','no','no',1),(113,'--without-http_memcached_module','without-http_memcached_module',2,'disable ngx_http_memcached_module',NULL,NULL,'no','no','no',1),(114,'--without-http_limit_conn_module','without-http_limit_conn_module',2,'disable ngx_http_limit_conn_module',NULL,NULL,'no','no','no',1),(115,'--without-http_limit_req_module','without-http_limit_req_module',2,'disable ngx_http_limit_req_module',NULL,NULL,'no','no','no',1),(116,'--without-http_empty_gif_module','without-http_empty_gif_module',2,'disable ngx_http_empty_gif_module',NULL,NULL,'no','no','no',1),(117,'--without-http_browser_module','without-http_browser_module',2,'disable ngx_http_browser_module',NULL,NULL,'no','no','no',1),(118,'--without-http_upstream_ip_hash_module','without-http_upstream_ip_hash_module',2,'disable ngx_http_upstream_ip_hash_module',NULL,NULL,'no','no','no',1),(119,'--without-http_upstream_least_conn_module','without-http_upstream_least_conn_module',2,'disable ngx_http_upstream_least_conn_module',NULL,NULL,'no','no','no',1),(120,'--without-http_upstream_keepalive_module','without-http_upstream_keepalive_module',2,'disable ngx_http_upstream_keepalive_module',NULL,NULL,'no','no','no',1),(121,'--with-http_perl_module','with-http_perl_module',2,'enable ngx_http_perl_module',NULL,NULL,'no','no','yes',1),(123,'--without-http-cache','without-http-cache',2,'disable HTTP cache',NULL,NULL,'no','no','no',1),(124,'--with-mail','with-mail',2,'enable POP3/IMAP4/SMTP proxy module',NULL,NULL,'no','no','no',1),(125,'--with-mail_ssl_module','with-mail_ssl_module',2,'enable ngx_mail_ssl_module',NULL,NULL,'no','no','no',1),(126,'--without-mail_pop3_module','without-mail_pop3_module',2,'disable ngx_mail_pop3_module',NULL,NULL,'no','no','no',1),(127,'--without-mail_imap_module','without-mail_imap_module',2,'disable ngx_mail_imap_module',NULL,NULL,'no','no','no',1),(128,'--without-mail_smtp_module','without-mail_smtp_module',2,'disable ngx_mail_smtp_module',NULL,NULL,'no','no','no',1),(129,'--with-google_perftools_module','with-google_perftools_module',2,'enable ngx_google_perftools_module',NULL,NULL,'no','no','no',1),(130,'--with-cpp_test_module','with-cpp_test_module',2,'enable ngx_cpp_test_module',NULL,NULL,'no','no','no',1),(131,'--without-pcre','without-pcre',2,'disable PCRE library usage',NULL,NULL,'no','no','no',1),(132,'--with-pcre','with-pcre',2,'force PCRE library usage',NULL,NULL,'no','no','no',1),(133,'--with-debug','with-debug',2,'enable debug logging',NULL,NULL,'no','no','no',1),(134,'--prefix','prefix',2,'set installation prefix',NULL,'/usr/share/nginx','no','yes','yes',1),(135,'--sbin-path','sbin-path',2,'set nginx binary pathname',NULL,'/usr/sbin/nginx','no','yes','yes',1),(136,'--conf-path','conf-path',2,'set nginx.conf pathname',NULL,'/etc/nginx/nginx.conf','no','yes','yes',1),(137,'--error-log-path','error-log-path',2,'set error log pathname',NULL,'/var/log/nginx/error.log','no','yes','no',1),(138,'--pid-path','pid-path',2,'set nginx.pid pathname',NULL,'/var/run/nginx.pid','no','yes','no',1),(139,'--lock-path','lock-path',2,'set nginx.lock pathname',NULL,'/var/lock/subsys/nginx','no','yes','no',1),(140,'--user','user',2,'set non-privileged user for worker processes',NULL,'nginx','no','yes','no',1),(141,'--group','group',2,'set non-privileged group for worker processes',NULL,'nginx','no','yes','no',1),(144,'--http-log-path','http-log-path',2,'set http access log pathname',NULL,'/var/log/nginx/access.log','no','yes','no',1),(145,'--http-client-body-temp-path','http-client-body-temp-path',2,'set path to store',NULL,'/var/lib/nginx/tmp/client_body','no','yes','no',1),(146,'--http-proxy-temp-path','http-proxy-temp-path',2,'set path to store http proxy temporary files',NULL,'/var/lib/nginx/tmp/proxy','no','yes','no',1),(147,'--http-fastcgi-temp-path','http-fastcgi-temp-path',2,'set path to store http fastcgi temporary files',NULL,'/var/lib/nginx/tmp/fastcgi','no','yes','no',1),(148,'--http-uwsgi-temp-path','http-uwsgi-temp-path',2,'set path to store http uwsgi temporary files',NULL,'/var/lib/nginx/tmp/uwsgi','no','yes','no',1),(149,'--http-scgi-temp-path','http-scgi-temp-path',2,'set path to store http scgi temporary files',NULL,'/var/lib/nginx/tmp/scgi','no','yes','no',1),(150,'--with-rtsig_module','with-rtsig_module',3,'enable rtsig module',NULL,NULL,'no','no','no',1),(151,'--with-select_module','with-select_module',3,'enable select module',NULL,NULL,'no','no','no',1),(152,'--with-poll_module','with-poll_module',3,'enable poll module',NULL,NULL,'no','no','no',1),(153,'--with-file-aio','with-file-aio',3,'enable file AIO support',NULL,NULL,'no','yes','no',1),(154,'--with-ipv6','with-ipv6',3,'enable IPv6 support',NULL,NULL,'no','yes','no',1),(155,'--with-http_ssl_module','with-http_ssl_module',3,'enable ngx_http_ssl_module',NULL,NULL,'no','yes','no',1),(156,'--with-http_realip_module','with-http_realip_module',3,'enable ngx_http_realip_module',NULL,NULL,'no','yes','no',1),(157,'--with-http_xslt_module','with-http_xslt_module',3,'enable ngx_http_xslt_module',NULL,NULL,'no','no','no',1),(158,'--with-http_image_filter_module','with-http_image_filter_module',3,'enable ngx_http_image_filter_module',NULL,NULL,'no','no','no',1),(159,'--with-http_geoip_module','with-http_geoip_module',3,'enable ngx_http_geoip_module',NULL,NULL,'no','no','no',1),(160,'--with-http_sub_module','with-http_sub_module',3,'enable ngx_http_sub_module',NULL,NULL,'no','yes','no',1),(161,'--with-http_dav_module','with-http_dav_module',3,'enable ngx_http_dav_module',NULL,NULL,'no','yes','no',1),(162,'--with-http_flv_module','with-http_flv_module',3,'enable ngx_http_flv_module',NULL,NULL,'no','yes','no',1),(163,'--with-http_mp4_module','with-http_mp4_module',3,'enable ngx_http_mp4_module',NULL,NULL,'no','yes','no',1),(165,'--with-http_gzip_static_module','with-http_gzip_static_module',3,'enable ngx_http_gzip_static_module',NULL,NULL,'no','yes','no',1),(166,'--with-http_random_index_module','with-http_random_index_module',3,'enable ngx_http_random_index_module',NULL,NULL,'no','yes','no',1),(167,'--with-http_secure_link_module','with-http_secure_link_module',3,'enable ngx_http_secure_link_module',NULL,NULL,'no','yes','no',1),(168,'--with-http_degradation_module','with-http_degradation_module',3,'enable ngx_http_degradation_module',NULL,NULL,'no','yes','no',1),(169,'--with-http_stub_status_module','with-http_stub_status_module',3,'enable ngx_http_stub_status_module',NULL,NULL,'no','yes','no',1),(170,'--without-http_charset_module','without-http_charset_module',3,'disable ngx_http_charset_module',NULL,NULL,'no','no','no',1),(171,'--without-http_gzip_module','without-http_gzip_module',3,'disable ngx_http_gzip_module',NULL,NULL,'no','no','no',1),(172,'--without-http_ssi_module','without-http_ssi_module',3,'disable ngx_http_ssi_module',NULL,NULL,'no','no','no',1),(173,'--without-http_userid_module','without-http_userid_module',3,'disable ngx_http_userid_module',NULL,NULL,'no','no','no',1),(174,'--without-http_access_module','without-http_access_module',3,'disable ngx_http_access_module',NULL,NULL,'no','no','no',1),(175,'--without-http_auth_basic_module','without-http_auth_basic_module',3,'disable ngx_http_auth_basic_module',NULL,NULL,'no','no','no',1),(176,'--without-http_autoindex_module','without-http_autoindex_module',3,'disable ngx_http_autoindex_module',NULL,NULL,'no','no','no',1),(177,'--without-http_geo_module','without-http_geo_module',3,'disable ngx_http_geo_module',NULL,NULL,'no','no','no',1),(178,'--without-http_map_module','without-http_map_module',3,'disable ngx_http_map_module',NULL,NULL,'no','no','no',1),(179,'--without-http_split_clients_module','without-http_split_clients_module',3,'disable ngx_http_split_clients_module',NULL,NULL,'no','no','no',1),(180,'--without-http_referer_module','without-http_referer_module',3,'disable ngx_http_referer_module',NULL,NULL,'no','no','no',1),(182,'--without-http_proxy_module','without-http_proxy_module',3,'disable ngx_http_proxy_module',NULL,NULL,'no','no','no',1),(183,'--without-http_fastcgi_module','without-http_fastcgi_module',3,'disable ngx_http_fastcgi_module',NULL,NULL,'no','no','no',1),(184,'--without-http_uwsgi_module','without-http_uwsgi_module',3,'disable ngx_http_uwsgi_module',NULL,NULL,'no','no','no',1),(185,'--without-http_scgi_module','without-http_scgi_module',3,'disable ngx_http_scgi_module',NULL,NULL,'no','no','no',1),(186,'--without-http_memcached_module','without-http_memcached_module',3,'disable ngx_http_memcached_module',NULL,NULL,'no','no','no',1),(187,'--without-http_limit_conn_module','without-http_limit_conn_module',3,'disable ngx_http_limit_conn_module',NULL,NULL,'no','no','no',1),(188,'--without-http_limit_req_module','without-http_limit_req_module',3,'disable ngx_http_limit_req_module',NULL,NULL,'no','no','no',1),(189,'--without-http_empty_gif_module','without-http_empty_gif_module',3,'disable ngx_http_empty_gif_module',NULL,NULL,'no','no','no',1),(190,'--without-http_browser_module','without-http_browser_module',3,'disable ngx_http_browser_module',NULL,NULL,'no','no','no',1),(191,'--without-http_upstream_ip_hash_module','without-http_upstream_ip_hash_module',3,'disable ngx_http_upstream_ip_hash_module',NULL,NULL,'no','no','no',1),(192,'--without-http_upstream_least_conn_module','without-http_upstream_least_conn_module',3,'disable ngx_http_upstream_least_conn_module',NULL,NULL,'no','no','no',1),(193,'--without-http_upstream_keepalive_module','without-http_upstream_keepalive_module',3,'disable ngx_http_upstream_keepalive_module',NULL,NULL,'no','no','no',1),(194,'--with-http_perl_module','with-http_perl_module',3,'enable ngx_http_perl_module',NULL,NULL,'no','no','yes',1),(196,'--without-http-cache','without-http-cache',3,'disable HTTP cache',NULL,NULL,'no','no','no',1),(197,'--with-mail','with-mail',3,'enable POP3/IMAP4/SMTP proxy module',NULL,NULL,'no','no','no',1),(198,'--with-mail_ssl_module','with-mail_ssl_module',3,'enable ngx_mail_ssl_module',NULL,NULL,'no','no','no',1),(199,'--without-mail_pop3_module','without-mail_pop3_module',3,'disable ngx_mail_pop3_module',NULL,NULL,'no','no','no',1),(200,'--without-mail_imap_module','without-mail_imap_module',3,'disable ngx_mail_imap_module',NULL,NULL,'no','no','no',1),(201,'--without-mail_smtp_module','without-mail_smtp_module',3,'disable ngx_mail_smtp_module',NULL,NULL,'no','no','no',1),(202,'--with-google_perftools_module','with-google_perftools_module',3,'enable ngx_google_perftools_module',NULL,NULL,'no','no','no',1),(203,'--with-cpp_test_module','with-cpp_test_module',3,'enable ngx_cpp_test_module',NULL,NULL,'no','no','no',1),(204,'--without-pcre','without-pcre',3,'disable PCRE library usage',NULL,NULL,'no','no','no',1),(205,'--with-pcre','with-pcre',3,'force PCRE library usage',NULL,NULL,'no','no','no',1),(206,'--with-debug','with-debug',3,'enable debug logging',NULL,NULL,'no','no','no',1),(207,'--prefix','prefix',3,'set installation prefix',NULL,'/usr/share/nginx','no','yes','yes',1),(208,'--sbin-path','sbin-path',3,'set nginx binary pathname',NULL,'/usr/sbin/nginx','no','yes','yes',1),(209,'--conf-path','conf-path',3,'set nginx.conf pathname',NULL,'/etc/nginx/nginx.conf','no','yes','yes',1),(210,'--error-log-path','error-log-path',3,'set error log pathname',NULL,'/var/log/nginx/error.log','no','yes','no',1),(211,'--pid-path','pid-path',3,'set nginx.pid pathname',NULL,'/var/run/nginx.pid','no','yes','no',1),(212,'--lock-path','lock-path',3,'set nginx.lock pathname',NULL,'/var/lock/subsys/nginx','no','yes','no',1),(213,'--user','user',3,'set non-privileged user for worker processes',NULL,'nginx','no','yes','no',1),(214,'--group','group',3,'set non-privileged group for worker processes',NULL,'nginx','no','yes','no',1),(217,'--http-log-path','http-log-path',3,'set http access log pathname',NULL,'/var/log/nginx/access.log','no','yes','no',1),(218,'--http-client-body-temp-path','http-client-body-temp-path',3,'set path to store',NULL,'/var/lib/nginx/tmp/client_body','no','yes','no',1),(219,'--http-proxy-temp-path','http-proxy-temp-path',3,'set path to store http proxy temporary files',NULL,'/var/lib/nginx/tmp/proxy','no','yes','no',1),(220,'--http-fastcgi-temp-path','http-fastcgi-temp-path',3,'set path to store http fastcgi temporary files',NULL,'/var/lib/nginx/tmp/fastcgi','no','yes','no',1),(221,'--http-uwsgi-temp-path','http-uwsgi-temp-path',3,'set path to store http uwsgi temporary files',NULL,'/var/lib/nginx/tmp/uwsgi','no','yes','no',1),(222,'--http-scgi-temp-path','http-scgi-temp-path',3,'set path to store http scgi temporary files',NULL,'/var/lib/nginx/tmp/scgi','no','yes','no',1),(223,'--add-module=nginx-upstream-fair','add-module=nginx-upstream-fair',2,'add nginx-upstream-fair module',NULL,NULL,'no','no','no',5),(224,'--add-module=masterzen-nginx-upload-progress-module-03cbf1f','add-module=nginx-upload-progress-module',2,'add nginx-upload-progress-module module',NULL,NULL,'no','no','no',5),(225,'--add-module=mod_zip-1.1.6','add-module=mod_zip',2,'add mod_zip module',NULL,NULL,'no','no','no',5),(227,'--add-module=nginx-upload-module-2.2','add-module=nginx-upload-module',2,'add nginx-upload-module module',NULL,NULL,'no','no','no',5),(228,'--add-module=nginx-rtmp-module-master','add-module=nginx-rtmp-module-master',2,'add nginx-rtmp-module-master module','82',NULL,'no','no','no',4),(229,'--add-module=nginx-upstream-fair','add-module=nginx-upstream-fair',1,'add nginx-upstream-fair module',NULL,NULL,'no','no','no',5),(230,'--add-module=nginx-upload-progress-module','add-module=nginx-upload-progress-module',1,'add nginx-upload-progress-module module',NULL,NULL,'no','no','no',5),(231,'--add-module=mod_zip-1.1.6','add-module=mod_zip',1,'add mod_zip module',NULL,NULL,'no','no','no',5),(232,'--add-module=nginx-upload-module-2.2','add-module=nginx-upload-module',1,'add nginx-upload-module module',NULL,NULL,'no','no','no',5),(233,'--add-module=nginx-rtmp-module-master','add-module=nginx-rtmp-module-master',1,'add nginx-rtmp-module-master module','9',NULL,'no','no','no',5),(234,'--add-module=ngx_http_enhanced_memcached_module-master','add-module=ngx_http_enhanced_memcached_module-master',1,'add ngx_http_enhanced_memcached_module-master module',NULL,NULL,'no','no','no',5),(235,'--add-module=memc-nginx-module-0.13rc3','add-module=memc-nginx-module',1,'add memc-nginx-module module',NULL,NULL,'no','no','no',5),(236,'--add-module=ngx_http_enhanced_memcached_module-master','add-module=ngx_http_enhanced_memcached_module-master',2,'add ngx_http_enhanced_memcached_module-master module',NULL,NULL,'no','no','no',5),(237,'--add-module=memc-nginx-module-0.13rc3','add-module=memc-nginx-module',2,'add memc-nginx-module module',NULL,NULL,'no','no','no',5),(238,'--add-module=nginx-sla-master','add-module=nginx-sla',1,'enable nginx-sla module',NULL,NULL,'no','no','no',5),(304,'--with-rtsig_module','with-rtsig_module',4,'enable rtsig module',NULL,NULL,'no','no','no',1),(305,'--with-select_module','with-select_module',4,'enable select module',NULL,NULL,'no','no','no',1),(306,'--with-poll_module','with-poll_module',4,'enable poll module',NULL,NULL,'no','no','no',1),(307,'--with-file-aio','with-file-aio',4,'enable file AIO support',NULL,NULL,'no','yes','no',1),(308,'--with-ipv6','with-ipv6',4,'enable IPv6 support',NULL,NULL,'no','yes','no',1),(309,'--with-http_ssl_module','with-http_ssl_module',4,'enable ngx_http_ssl_module',NULL,NULL,'no','yes','no',1),(310,'--with-http_realip_module','with-http_realip_module',4,'enable ngx_http_realip_module',NULL,NULL,'no','yes','no',1),(311,'--with-http_xslt_module','with-http_xslt_module',4,'enable ngx_http_xslt_module',NULL,NULL,'no','no','no',1),(312,'--with-http_image_filter_module','with-http_image_filter_module',4,'enable ngx_http_image_filter_module',NULL,NULL,'no','no','no',1),(313,'--with-http_geoip_module','with-http_geoip_module',4,'enable ngx_http_geoip_module',NULL,NULL,'no','no','no',1),(314,'--with-http_sub_module','with-http_sub_module',4,'enable ngx_http_sub_module',NULL,NULL,'no','yes','no',1),(315,'--with-http_dav_module','with-http_dav_module',4,'enable ngx_http_dav_module',NULL,NULL,'no','yes','no',1),(316,'--with-http_flv_module','with-http_flv_module',4,'enable ngx_http_flv_module',NULL,NULL,'no','yes','no',1),(317,'--with-http_mp4_module','with-http_mp4_module',4,'enable ngx_http_mp4_module',NULL,NULL,'no','yes','no',1),(319,'--with-http_gzip_static_module','with-http_gzip_static_module',4,'enable ngx_http_gzip_static_module',NULL,NULL,'no','yes','no',1),(320,'--with-http_random_index_module','with-http_random_index_module',4,'enable ngx_http_random_index_module',NULL,NULL,'no','yes','no',1),(321,'--with-http_secure_link_module','with-http_secure_link_module',4,'enable ngx_http_secure_link_module',NULL,NULL,'no','yes','no',1),(322,'--with-http_degradation_module','with-http_degradation_module',4,'enable ngx_http_degradation_module',NULL,NULL,'no','yes','no',1),(323,'--with-http_stub_status_module','with-http_stub_status_module',4,'enable ngx_http_stub_status_module',NULL,NULL,'no','yes','no',1),(324,'--without-http_charset_module','without-http_charset_module',4,'disable ngx_http_charset_module',NULL,NULL,'no','no','no',1),(325,'--without-http_gzip_module','without-http_gzip_module',4,'disable ngx_http_gzip_module',NULL,NULL,'no','no','no',1),(326,'--without-http_ssi_module','without-http_ssi_module',4,'disable ngx_http_ssi_module',NULL,NULL,'no','no','no',1),(327,'--without-http_userid_module','without-http_userid_module',4,'disable ngx_http_userid_module',NULL,NULL,'no','no','no',1),(328,'--without-http_access_module','without-http_access_module',4,'disable ngx_http_access_module',NULL,NULL,'no','no','no',1),(329,'--without-http_auth_basic_module','without-http_auth_basic_module',4,'disable ngx_http_auth_basic_module',NULL,NULL,'no','no','no',1),(330,'--without-http_autoindex_module','without-http_autoindex_module',4,'disable ngx_http_autoindex_module',NULL,NULL,'no','no','no',1),(331,'--without-http_geo_module','without-http_geo_module',4,'disable ngx_http_geo_module',NULL,NULL,'no','no','no',1),(332,'--without-http_map_module','without-http_map_module',4,'disable ngx_http_map_module',NULL,NULL,'no','no','no',1),(333,'--without-http_split_clients_module','without-http_split_clients_module',4,'disable ngx_http_split_clients_module',NULL,NULL,'no','no','no',1),(334,'--without-http_referer_module','without-http_referer_module',4,'disable ngx_http_referer_module',NULL,NULL,'no','no','no',1),(336,'--without-http_proxy_module','without-http_proxy_module',4,'disable ngx_http_proxy_module',NULL,NULL,'no','no','no',1),(337,'--without-http_fastcgi_module','without-http_fastcgi_module',4,'disable ngx_http_fastcgi_module',NULL,NULL,'no','no','no',1),(338,'--without-http_uwsgi_module','without-http_uwsgi_module',4,'disable ngx_http_uwsgi_module',NULL,NULL,'no','no','no',1),(339,'--without-http_scgi_module','without-http_scgi_module',4,'disable ngx_http_scgi_module',NULL,NULL,'no','no','no',1),(340,'--without-http_memcached_module','without-http_memcached_module',4,'disable ngx_http_memcached_module',NULL,NULL,'no','no','no',1),(341,'--without-http_limit_conn_module','without-http_limit_conn_module',4,'disable ngx_http_limit_conn_module',NULL,NULL,'no','no','no',1),(342,'--without-http_limit_req_module','without-http_limit_req_module',4,'disable ngx_http_limit_req_module',NULL,NULL,'no','no','no',1),(343,'--without-http_empty_gif_module','without-http_empty_gif_module',4,'disable ngx_http_empty_gif_module',NULL,NULL,'no','no','no',1),(344,'--without-http_browser_module','without-http_browser_module',4,'disable ngx_http_browser_module',NULL,NULL,'no','no','no',1),(345,'--without-http_upstream_ip_hash_module','without-http_upstream_ip_hash_module',4,'disable ngx_http_upstream_ip_hash_module',NULL,NULL,'no','no','no',1),(346,'--without-http_upstream_least_conn_module','without-http_upstream_least_conn_module',4,'disable ngx_http_upstream_least_conn_module',NULL,NULL,'no','no','no',1),(347,'--without-http_upstream_keepalive_module','without-http_upstream_keepalive_module',4,'disable ngx_http_upstream_keepalive_module',NULL,NULL,'no','no','no',1),(348,'--with-http_perl_module','with-http_perl_module',4,'enable ngx_http_perl_module',NULL,NULL,'no','no','yes',1),(350,'--without-http-cache','without-http-cache',4,'disable HTTP cache',NULL,NULL,'no','no','no',1),(351,'--with-mail','with-mail',4,'enable POP3/IMAP4/SMTP proxy module',NULL,NULL,'no','no','no',1),(352,'--with-mail_ssl_module','with-mail_ssl_module',4,'enable ngx_mail_ssl_module',NULL,NULL,'no','no','no',1),(353,'--without-mail_pop3_module','without-mail_pop3_module',4,'disable ngx_mail_pop3_module',NULL,NULL,'no','no','no',1),(354,'--without-mail_imap_module','without-mail_imap_module',4,'disable ngx_mail_imap_module',NULL,NULL,'no','no','no',1),(355,'--without-mail_smtp_module','without-mail_smtp_module',4,'disable ngx_mail_smtp_module',NULL,NULL,'no','no','no',1),(356,'--with-google_perftools_module','with-google_perftools_module',4,'enable ngx_google_perftools_module',NULL,NULL,'no','no','no',1),(357,'--with-cpp_test_module','with-cpp_test_module',4,'enable ngx_cpp_test_module',NULL,NULL,'no','no','no',1),(358,'--without-pcre','without-pcre',4,'disable PCRE library usage',NULL,NULL,'no','no','no',1),(359,'--with-pcre','with-pcre',4,'force PCRE library usage',NULL,NULL,'no','no','no',1),(360,'--with-debug','with-debug',4,'enable debug logging',NULL,NULL,'no','no','no',1),(361,'--prefix','prefix',4,'set installation prefix',NULL,'/usr/share/nginx','no','yes','yes',1),(362,'--sbin-path','sbin-path',4,'set nginx binary pathname',NULL,'/usr/sbin/nginx','no','yes','yes',1),(363,'--conf-path','conf-path',4,'set nginx.conf pathname',NULL,'/etc/nginx/nginx.conf','no','yes','yes',1),(364,'--error-log-path','error-log-path',4,'set error log pathname',NULL,'/var/log/nginx/error.log','no','yes','no',1),(365,'--pid-path','pid-path',4,'set nginx.pid pathname',NULL,'/var/run/nginx.pid','no','yes','no',1),(366,'--lock-path','lock-path',4,'set nginx.lock pathname',NULL,'/var/lock/subsys/nginx','no','yes','no',1),(367,'--user','user',4,'set non-privileged user for worker processes',NULL,'nginx','no','yes','no',1),(368,'--group','group',4,'set non-privileged group for worker processes',NULL,'nginx','no','yes','no',1),(371,'--http-log-path','http-log-path',4,'set http access log pathname',NULL,'/var/log/nginx/access.log','no','yes','no',1),(372,'--http-client-body-temp-path','http-client-body-temp-path',4,'set path to store',NULL,'/var/lib/nginx/tmp/client_body','no','yes','no',1),(373,'--http-proxy-temp-path','http-proxy-temp-path',4,'set path to store http proxy temporary files',NULL,'/var/lib/nginx/tmp/proxy','no','yes','no',1),(374,'--http-fastcgi-temp-path','http-fastcgi-temp-path',4,'set path to store http fastcgi temporary files',NULL,'/var/lib/nginx/tmp/fastcgi','no','yes','no',1),(375,'--http-uwsgi-temp-path','http-uwsgi-temp-path',4,'set path to store http uwsgi temporary files',NULL,'/var/lib/nginx/tmp/uwsgi','no','yes','no',1),(376,'--http-scgi-temp-path','http-scgi-temp-path',4,'set path to store http scgi temporary files',NULL,'/var/lib/nginx/tmp/scgi','no','yes','no',1),(377,'--with-luajit','with-luajit',4,'enable luajit module',NULL,NULL,'no','no','no',1),(378,'--with-http_iconv_module','with-http_iconv_module',4,'enable http_iconv module',NULL,NULL,'no','no','no',1),(379,'--with-http_postgres_module','with-http_postgres_module',4,'enable http_postgres module',NULL,NULL,'no','no','no',1),(380,'--without-http_redis2_module','without-http_redis2_module',4,'enable http_redis2 module',NULL,NULL,'no','no','no',1),(381,'--add-module=auth-request-nginx-module-0.2','add-module=auth-request-nginx-module',1,'add auth-request-nginx-module',NULL,NULL,'no','no','no',5),(382,'--add-module=drizzle-nginx-module-0.1.5','add-module=drizzle-nginx-module',1,'add drizzle-nginx-module',NULL,NULL,'no','no','no',5),(383,'--add-module=echo-nginx-module-0.45','add-module=echo-nginx-module',1,'add echo-nginx-module',NULL,NULL,'no','no','no',5),(384,'--add-module=ngx_devel_kit-0.2.18','add-module=ngx_devel_kit',1,'add ngx_devel_kit',NULL,NULL,'no','no','no',2),(385,'--add-module=set-misc-nginx-module-0.22rc8','add-module=set-misc-nginx-module',1,'add set-misc-nginx-module-0.22rc8','384',NULL,'no','no','no',3),(386,'--add-module=encrypted-session-nginx-module-0.02','add-module=encrypted-session-nginx-module',1,'add encrypted-session-nginx-module','385',NULL,'no','no','no',5),(387,'--add-module=form-input-nginx-module-0.07','add-module=form-input-nginx-module',1,'add form-input-nginx-module','384',NULL,'no','no','no',5),(388,'--add-module=headers-more-nginx-module-0.19','add-module=headers-more-nginx-module',1,'add headers-more-nginx-module',NULL,NULL,'no','no','no',5),(389,'--add-module=iconv-nginx-module-0.10rc7','add-module=iconv-nginx-module',1,'add iconv-nginx-module','384',NULL,'no','no','no',5),(390,'--add-module=ngx_postgres-1.0rc2','add-module=ngx_postgres',1,'add ngx_postgres',NULL,NULL,'no','no','no',5),(391,'--add-module=rds-csv-nginx-module-0.05rc2','add-module=rds-csv-nginx-module',1,'add rds-csv-nginx-module',NULL,NULL,'no','no','no',5),(392,'--add-module=rds-json-nginx-module-0.12rc10','add-module=rds-json-nginx-module',1,'add rds-json-nginx-module',NULL,NULL,'no','no','no',5),(393,'--add-module=redis-nginx-module-0.3.6','add-module=redis-nginx-module',1,'add redis-nginx-module',NULL,NULL,'no','no','no',5),(394,'--add-module=redis2-nginx-module-0.10','add-module=redis2-nginx-module',1,'add redis2-nginx-module',NULL,NULL,'no','no','no',5),(395,'--add-module=srcache-nginx-module-0.19','add-module=srcache-nginx-module',1,'add srcache-nginx-module',NULL,NULL,'no','no','no',1),(396,'--add-module=xss-nginx-module-0.03rc9','add-module=xss-nginx-module',1,'add xss-nginx-module',NULL,NULL,'no','no','no',1),(397,'--add-module=ngx_http_limit_req_module-1.4.4','add-module=ngx_http_limit_req_module',1,'add tengine ngx_http_limit_req_module module','42',NULL,'no','no','no',5),(398,'--add-module=nginx-push-stream-module-master','add-module=nginx-push-stream',1,'add nginx-push-stream module',NULL,NULL,'no','no','no',5),(399,'--add-module=nginx_syslog_patch-master','add-module=nginx_syslog',1,'add nginx_syslog module',NULL,NULL,'no','no','no',5),(400,'--add-module=nginx-backtrace-master','add-module=nginx-backtrace',1,'add nginx-backtrace module',NULL,NULL,'no','no','no',5),(401,'--add-module=nginx-http-concat-master','add-module=nginx-http-concat',1,'add nginx-http-concat module',NULL,NULL,'no','no','no',5),(402,'--add-module=nginx-http-footer-filter-master','add-module=nginx-http-footer-filter',1,'add nginx-http-footer-filter module',NULL,NULL,'no','no','no',5),(403,'--add-module=nginx-http-slice-master','add-module=nginx-http-slice',1,'add nginx-http-slice module',NULL,NULL,'no','no','no',5),(404,'--add-module=nginx-http-sysguard-master','add-module=nginx-http-sysguard',1,'add nginx-http-sysguard module',NULL,NULL,'no','no','no',5),(405,'--add-module=nginx-http-user-agent-master','add-module=nginx-http-user-agent',1,'add nginx-http-user-agent module',NULL,NULL,'no','no','no',5),(406,'--add-module=ngx_pagespeed-release-1.5.27.2-beta','add-module=ngx_pagespeed-release',1,'add ngx_pagespeed module',NULL,NULL,'no','no','no',5),(407,'--add-module=passenger-4.0.1/ext/nginx','add-module=passenger-4.0.1',1,'add passenger module',NULL,NULL,'no','no','no',5);
/*!40000 ALTER TABLE `options` ENABLE KEYS */;
UNLOCK TABLES;

--
-- Table structure for table `options_deps`
--

DROP TABLE IF EXISTS `options_deps`;
/*!40101 SET @saved_cs_client     = @@character_set_client */;
/*!40101 SET character_set_client = utf8 */;
CREATE TABLE `options_deps` (
  `id` int(11) unsigned NOT NULL AUTO_INCREMENT,
  `option` int(11) unsigned NOT NULL,
  `external` enum('yes','no') NOT NULL DEFAULT 'yes',
  `rpm_name` varchar(255) DEFAULT NULL,
  PRIMARY KEY (`id`)
) ENGINE=InnoDB DEFAULT CHARSET=utf8;
/*!40101 SET character_set_client = @saved_cs_client */;

--
-- Dumping data for table `options_deps`
--

LOCK TABLES `options_deps` WRITE;
/*!40000 ALTER TABLE `options_deps` DISABLE KEYS */;
/*!40000 ALTER TABLE `options_deps` ENABLE KEYS */;
UNLOCK TABLES;

--
-- Table structure for table `os`
--

DROP TABLE IF EXISTS `os`;
/*!40101 SET @saved_cs_client     = @@character_set_client */;
/*!40101 SET character_set_client = utf8 */;
CREATE TABLE `os` (
  `id` smallint(2) unsigned NOT NULL AUTO_INCREMENT,
  `name` varchar(64) NOT NULL,
  `display_name` varchar(64) DEFAULT NULL,
  PRIMARY KEY (`id`)
) ENGINE=InnoDB AUTO_INCREMENT=3 DEFAULT CHARSET=utf8;
/*!40101 SET character_set_client = @saved_cs_client */;

--
-- Dumping data for table `os`
--

LOCK TABLES `os` WRITE;
/*!40000 ALTER TABLE `os` DISABLE KEYS */;
INSERT INTO `os` VALUES (1,'el6','CentOS 6'),(2,'el5','CentOS 5');
/*!40000 ALTER TABLE `os` ENABLE KEYS */;
UNLOCK TABLES;

--
-- Table structure for table `packets`
--

DROP TABLE IF EXISTS `packets`;
/*!40101 SET @saved_cs_client     = @@character_set_client */;
/*!40101 SET character_set_client = utf8 */;
CREATE TABLE `packets` (
  `id` smallint(2) unsigned NOT NULL AUTO_INCREMENT,
  `name` varchar(64) NOT NULL,
  `display_name` varchar(64) DEFAULT NULL,
  `deps` varchar(255) DEFAULT NULL,
  `version` varchar(32) DEFAULT NULL,
  `description` text,
  PRIMARY KEY (`id`)
) ENGINE=InnoDB AUTO_INCREMENT=5 DEFAULT CHARSET=utf8;
/*!40101 SET character_set_client = @saved_cs_client */;

--
-- Dumping data for table `packets`
--

LOCK TABLES `packets` WRITE;
/*!40000 ALTER TABLE `packets` DISABLE KEYS */;
INSERT INTO `packets` VALUES (1,'nginx','nginx',NULL,'1.5.0','development nginx version'),(2,'nginx_stable','Nginx Stable',NULL,'1.4.1','stable nginx version'),(3,'tengine','Taobao Nginx fork',NULL,'1.4.5','taobao nginx fork'),(4,'ngx_openresty','OpenResty fork Nginx','NULL','1.2.8.1','openresty nginx fork');
/*!40000 ALTER TABLE `packets` ENABLE KEYS */;
UNLOCK TABLES;

--
-- Table structure for table `packets_list`
--

DROP TABLE IF EXISTS `packets_list`;
/*!40101 SET @saved_cs_client     = @@character_set_client */;
/*!40101 SET character_set_client = utf8 */;
CREATE TABLE `packets_list` (
  `id` int(11) NOT NULL AUTO_INCREMENT,
  `packet_id` int(11) NOT NULL,
  `count` smallint(2) NOT NULL,
  PRIMARY KEY (`id`)
) ENGINE=InnoDB AUTO_INCREMENT=4 DEFAULT CHARSET=utf8;
/*!40101 SET character_set_client = @saved_cs_client */;

--
-- Dumping data for table `packets_list`
--

LOCK TABLES `packets_list` WRITE;
/*!40000 ALTER TABLE `packets_list` DISABLE KEYS */;
INSERT INTO `packets_list` VALUES (1,1,1),(2,2,1),(3,3,1);
/*!40000 ALTER TABLE `packets_list` ENABLE KEYS */;
UNLOCK TABLES;

--
-- Table structure for table `repos`
--

DROP TABLE IF EXISTS `repos`;
/*!40101 SET @saved_cs_client     = @@character_set_client */;
/*!40101 SET character_set_client = utf8 */;
CREATE TABLE `repos` (
  `id` int(11) unsigned NOT NULL AUTO_INCREMENT,
  `user` int(11) NOT NULL,
  `os` smallint(2) NOT NULL,
  `arch` smallint(2) NOT NULL,
  `hash` varchar(32) NOT NULL,
  `name` varchar(255) DEFAULT NULL,
  PRIMARY KEY (`id`),
  UNIQUE KEY `user` (`user`,`name`)
) ENGINE=InnoDB AUTO_INCREMENT=308 DEFAULT CHARSET=utf8;
/*!40101 SET character_set_client = @saved_cs_client */;

--
-- Dumping data for table `repos`
--

LOCK TABLES `repos` WRITE;
/*!40000 ALTER TABLE `repos` DISABLE KEYS */;
INSERT INTO `repos` VALUES (27,1,1,1,'wendor','wendor'),(28,8,1,1,'5bacaf40d1d626ab44b912913ce1c6b7','Test1'),(34,6,1,1,'4888c668afb44e3076180f85278de727','C6x86_64'),(39,12,1,1,'693576b0cd44711d572e98aa672cca3f','Iran Honeynet Project'),(40,13,1,1,'79890c6c5a4a80991f7e518c967347d6','inspirit repo'),(41,14,1,1,'d21150989f94b7b766e5d93554c16c34','new'),(42,15,1,1,'43169144220634980e764b74f0467d8f','Test1'),(43,16,1,1,'bd2257b887324ccc5af3ebbf64e13264','magenx'),(44,20,1,2,'82525a205ad65c9e821bfda3d9a2607a','centos6-i386'),(46,21,1,1,'9386eccd5accce653e0a2660a4d9bdc2','Exim'),(47,11,1,1,'9114441c04a952a606d075178343fd67','MuadDiibs Repo'),(48,22,1,1,'0c1ebac8db31148e4f020cc0e4c438b4','test'),(49,25,1,1,'c8f134dfee12c0492990d711bfd5bae0','open-resty'),(50,26,1,1,'510cd4c10385fa05f472ddff93b50f6b','nginx'),(51,27,1,1,'01a8bef798f3bdf284067ce3c6bf8911','a1va'),(53,29,1,1,'8e7c750e4d12b37f351039f86e1da1fb','CentBlack Repo'),(54,30,1,2,'3d76fa61853624899d290bd0db114925','scorpion'),(55,31,1,1,'aa7b6d58009914a8598b4aaf63e48263','title'),(56,32,2,1,'872d857a496df307d0afec6e589b43fd','one'),(57,33,1,1,'6f03b1a51776c48222e189821f3e5815','test'),(58,28,1,1,'e41db6e1e0e7dd3baa7526036ecbdd58','streaming'),(59,35,1,1,'bce4f556190ff71492a845253cce4b47','test'),(60,6,1,1,'70057a215f269b5de70b0896007be458','porno'),(61,1,1,1,'98c0e159ac4b3fb6f69e9355c0b656a3','MyRepo2'),(62,36,2,1,'244086d0cf57a61072ec9bd39c39791e','nginx_secru'),(64,38,1,1,'413e04f136af1f3fd8339b63acb326bd','CentOS6_64'),(65,40,1,1,'9e6f2f7a7e4935c399e1c63e10ee037c','test1'),(67,41,2,1,'e3170f61086cf1c3b332eb57d0bcb19f','rep'),(68,42,1,1,'d1efd9080f447ae5a2b9f53a6eb3898c','tmux'),(69,43,2,2,'f070e3b554a839e70ea1f63f24ba8e21','postgres'),(70,44,1,2,'3abc434481d86691873d47abc25085cc','nginx'),(79,46,2,2,'4dcb6c85b389c688ec344e7375c1e52d','Nagios'),(93,48,1,1,'1e5baf38660ac3ee82decf6cc1d1ee49','nginx'),(97,49,1,1,'dd61e322feb008793ff01ef42a9c9bf4','my_repo'),(99,50,1,2,'aea57f6983e505d35a1d70bbb249b55a','Main'),(101,51,1,2,'d40f5f81a40e6560a345488c3de1d2a0','test'),(102,52,1,1,'bef70feb42ac368af11790fb834fad8a','Astral'),(110,53,1,2,'b2c418cd43ff71623d866f5e43bbed24','test'),(113,55,1,1,'0992b3a3694eae33e378aa78bfe55f1a','repo1'),(114,56,1,1,'a21871f79062a69aee6d86dcd5500040','msmsoft'),(122,1,1,1,'06509050dcfb1d6c3f1f1a33a537a385','noteru'),(124,57,1,1,'5d9f49b7e6b3e776c06e44299010314d','TEST'),(128,58,1,1,'e958b9a8900f1f9cdae6211df5b948f9','First_day'),(137,62,2,2,'811202bd05178c43d47d3eb7a57cc026','t1'),(144,37,1,2,'5e699d5f81537df807fa332ab2b64eda','Repobuild_CentOS-6_i386'),(146,64,1,1,'d9f05a41eb3e78dc29d0b25d0d849545','test'),(147,65,1,1,'710ec924ac322d8887fd0724fcc70391','test'),(148,66,1,2,'fed2716939a698370f7b1938c5820b51','ip-my'),(149,67,2,1,'ebf26a70eb615254acd80d18539d8613','centos5_64'),(154,69,1,2,'4f268e7d20a55178d429a9d0a15f7d0f','raven'),(155,69,1,1,'e6d25b9b21908bc481d72d0f4cd9649f','raven64'),(162,70,1,1,'e600a637733e2060e5676f5dc6392cce','Vitt'),(164,9,1,1,'0016f36f344f6f0b96fa276b7993cabc','centos 6'),(166,71,1,1,'1ca73073edcaa3e856ed9ee0d0262fe0','nginx'),(171,73,1,1,'52226bb8e9de40b10438e95a549aeb59','Mbay'),(173,74,1,1,'48f92a9c87288cb0865fb81b0ef6a9ab','artyoms_custom_repo'),(174,75,2,2,'1a87fe2e2a0e21ac8d08a27ca0628d5b','nGnix'),(183,76,2,1,'f05121a269c7c757f730b759613f54b6','CentOS 5'),(185,45,1,1,'9f5b7e264051f3616e1ef803cab7df09','nginx1_4'),(190,77,1,1,'d5e59e7ec8ebf77812b3bcbbb1c4aa3e','centos_nginx'),(192,78,1,1,'b1e3be129087d41f1da063a3271beb63','Personal Repo'),(196,81,1,1,'a385c5a201cd18b046cb0ed706bdbafb','SimpleGroupwareServer'),(197,82,1,1,'0b38eccaf612cabdb9fce222e558451f','MySQL'),(199,83,1,1,'8ae24283dd77c4c0756c52fb5521e57c','nginx'),(201,48,1,1,'af261cdac9b3a4c2b47be3585416ce5f','test2'),(202,84,1,1,'b88f5026a2e34077e99389f4e0ec91e3','Lols server'),(204,85,1,1,'23c5c27abb6b5b39693f2a67c3a3aa40','DCOD'),(214,87,1,1,'9a077f2792c30499bca08abb9fedbb36','nginx'),(216,88,1,2,'233a45d6af307f41669514c1bf7d95f0','Centos 6'),(220,89,1,1,'b75ec14bc45d46170a47436e0f271374','SBlackWolf'),(222,91,1,1,'f13551795f92070a51f173b80d473379','Ddefault'),(225,9,1,1,'27a1b7afa514591310b0b622d0e7649f','Cent6 annanews'),(226,9,2,1,'bf0f3e843f658c427607f86cedd3b831','Centos 5'),(227,93,1,1,'e0632a4edd048980731e4a050df99645','Main'),(229,94,1,1,'8e984f54c271708ef5d5dcb1e3f379f4','test'),(232,95,1,1,'a9ba942a1629574f6d2155d92c1200c0','MyRepo'),(233,96,1,1,'7fd42b3dcf85e1ae21632b52d7a7f934','dematron'),(235,97,1,1,'5d87f0b0041a1ffe7ebafaebe769ceb8','kursk'),(238,98,1,1,'b18b20fc6453ff09630957591532f641','dbmail'),(241,100,1,1,'e8827c510bc532495704bafea2019903','sysatrium'),(244,101,1,1,'e6c47e8e94718c7cf9e2402f67f673fc','eurodvs'),(245,102,1,1,'6c59fc8b3b14b3bb78bc2bfbb277479d','Schi'),(246,45,1,1,'363582297b6bc21127311e9ab1b0aa75','nginx1_5'),(248,103,1,1,'6dac40d9a4235a51a7def7cc207247ce','test'),(249,105,1,1,'54dee63c65cdf3201fc255e93ea9f0e9','ssb'),(256,39,1,1,'772a12fbaad952bff8e6ea332144d1c8','OSQ'),(257,39,1,1,'ed2558e0e9f1ff746bdc0e734c0875b4','one'),(258,39,1,1,'a7194fd97c099196440586cd461550f5','test'),(261,39,1,2,'074fec40055aceb109cfdb55fe60b79e','kikhuiuy'),(262,39,1,1,'0e000c34f66a3a534556d201ac4d7890','dsfdgf'),(263,39,1,1,'474a4aab20cc20d0c50c1d21902e9249','cvb'),(264,39,1,1,'4e402a1e7035bf7523434c99be9675d7','nginx'),(265,39,1,1,'a35c3124ea151c5fc77f25e69763b3d8','Rev'),(266,39,1,1,'e3af7035a850c868d14f566c44bfda61','test_repo'),(267,39,1,1,'acd52e4aceba75aa93532ed300591874','fbf'),(269,39,1,1,'3a1b37695866ecccc3ed9650183b6dfb','cxzcxzc'),(270,39,1,1,'f56c35ce035eb845834318924440120b','ghjh'),(271,39,1,1,'b3b431f15e6c92926b9fbb3b284d4de0','asas'),(272,39,1,1,'bb2c3fd06d599b43b5a738746945d9b9','rrrr'),(273,39,1,1,'a65cdc9de71fd9eecf0cc1747a21a6ca','fgdf'),(274,39,1,1,'c78564e16d51ebdbb3ae9372e6d22d67','adasdasd'),(275,39,2,2,'4cafd04957d8a9306dc55f3385a4dd9a','sss'),(276,39,1,1,'0a83f3eec37bb25ddf2a54a4940b57f0','testpointaccess'),(277,39,1,1,'2829c79695074481b035f06579c4187c','testtest'),(278,39,1,1,'446ea7014d1fc37e5913c06737c17e82','asasasasasas'),(279,39,1,1,'f7be19c5a63ab12c3697cffb7fe1884a','testX'),(280,39,1,1,'babba50157c67e8093d29fa025dd9c19','project'),(281,39,1,1,'b0d2fa27db155e1b61624d2100ad9498','Spas'),(282,39,1,1,'fedad9c5d4e0bf551af9e2c9284078c7','user'),(284,106,1,1,'d56e58d13c622aad730eaad0e4a475e3','repo_1'),(285,39,1,1,'772b92ababf0aa818cd8abefcf958397','My Test'),(286,39,1,2,'f9be52721821c64f8c8fac2dc19bde02','Test_112112'),(287,39,1,1,'55ac499c1bc193b782f5823c0dbf1b82','rrr'),(289,107,1,1,'f0f027c06c58479ddc42404ffaa71900','dfgdfg'),(290,39,2,1,'61a125a3423bd9907f83f822c27936c3','testtt212'),(291,39,1,1,'70b09f6940fa8fddb3de6998cbcffc30','title'),(293,39,1,2,'ab504ad63a00214a6dfbe8bb7ae68aa7','wrwerwe'),(294,39,1,1,'69fe7625eb0259e5225aa826b4088ecc','iiji'),(295,39,1,2,'76bc1dbbfa0380a782973c0cff11eee7','habrahabr'),(296,39,1,1,'f02d5bd1403f92b6e0e4b51452e620df','wdqdfqdfqfqef'),(297,39,1,1,'391cd40ab5790ab155a5e0e009770eda','titletest'),(298,39,1,1,'7f0b560ff90e7167d69b1d94df2d09a6','xxss'),(299,39,1,1,'f33760730fb22de7b815cbd7895804be','MySelf'),(300,39,1,1,'e0fe88e4ac58facc0a433be97b58ecd3','myrepo1'),(301,39,1,1,'f8602d3bada74b1000bdcc25ca8a1470','Centos'),(302,39,1,1,'601a213519dd72c4aaea6f3d31ed09b5','Ttt'),(303,39,1,1,'c2ea5358068bce8a93cd63dee02765fe','testq2122'),(304,39,2,1,'b6c302e9e92cbf1a96441ccb3649d3d7','qwerty'),(305,39,1,1,'a04f02cf1fac06008a2d69dd4a7362a1','dndn'),(306,39,1,2,'6dc9617dcb93c573fd4953b0cd3ce5ed','Temp'),(307,39,1,1,'95d4a3d52bb3ab0c26100f805e028988','Test_1');
/*!40000 ALTER TABLE `repos` ENABLE KEYS */;
UNLOCK TABLES;

--
-- Table structure for table `users`
--

DROP TABLE IF EXISTS `users`;
/*!40101 SET @saved_cs_client     = @@character_set_client */;
/*!40101 SET character_set_client = utf8 */;
CREATE TABLE `users` (
  `id` int(11) unsigned NOT NULL AUTO_INCREMENT,
  `username` varchar(128) NOT NULL,
  `password` varchar(32) NOT NULL,
  `email` varchar(128) NOT NULL,
  `active` enum('no','yes') NOT NULL DEFAULT 'no',
  `trial` enum('no','yes') NOT NULL DEFAULT 'yes',
  `class` smallint(6) DEFAULT '1',
  `added` datetime DEFAULT NULL,
  PRIMARY KEY (`id`)
) ENGINE=InnoDB AUTO_INCREMENT=109 DEFAULT CHARSET=utf8;
/*!40101 SET character_set_client = @saved_cs_client */;

--
-- Dumping data for table `users`
--

LOCK TABLES `users` WRITE;
/*!40000 ALTER TABLE `users` DISABLE KEYS */;
INSERT INTO `users` VALUES (1,'Wendor','7c4d4e519e603f3f4dcb9d92f985b780','weny@bk.ru','yes','no',100,NULL),(6,'fds','b26986ceee60f744534aaab928cc12df','fds@alt.ru','yes','no',100,NULL),(7,'ssvompppi','7c44823941b751a9104c46772275e11c','whereismywaterruruu@gmail.com','no','yes',1,NULL),(8,'test','acbd9ab2f68bea3f5291f825416546a1','test@me.com','no','yes',1,NULL),(9,'oranze','83801d8412fdfe7fab109e258c3509d0','oranze@mail.ru','no','yes',1,NULL),(10,'Atoms','217280b4590a52e7d620628ee259dddc','atoms@tups.lv','no','yes',1,NULL),(11,'MuadDiib','10a07bef1e70036b4f73d796a21cb0c3','muaddiib@gmail.com','no','yes',1,NULL),(12,'amin2000','dec0e4990aae705819f5acd2d524dd34','amin2000@gmail.com','no','yes',1,NULL),(13,'inspirit1986','c8511103064d08a69da1751b7be002ff','inspirit1986@gmail.com','no','yes',1,NULL),(14,'litos','7cbb3252ba6b7e9c422fac5334d22054','litos@mail.ru','no','yes',1,NULL),(15,'purba','358b4a9b0a339026cecd1f33dc29cee0','purba@ot.lv','no','yes',1,NULL),(16,'magentomod','a2b3c3c584940a6307969e5938bff11f','admin@magentomod.com','no','yes',1,NULL),(17,'Dima Kyrihin','0c575fdde656400f6fe3b6414e97e091','kdvasu@gmail.com','no','yes',1,NULL),(18,'Ainur','36e1a5072c78359066ed7715f5ff3da8','ainur-tggpu@mail.ru','no','yes',1,NULL),(19,'megazhuk','7a460919786968f24c52e2f0b1be2458','megazhuk@yandex.ru','no','yes',1,NULL),(20,'ikudrautsau','bf8741358265dc4c7da6fb748a534a94','xyxjluk@tut.by','no','yes',1,NULL),(21,'terasto','8f862c28150c83cd908e4142f7453f70','plohihis@tehnofinans.ru','no','yes',1,NULL),(22,'kav','d37b391bfa2c09d246c60276d513b7ed','kav23alex@mail.ru','no','yes',1,NULL),(23,'Vavr','90fb4011ff0af165aa8a155897e2dc1a','igor.vavrjin@gmail.com','no','yes',1,NULL),(24,'JohnBat26','d8578edf8458ce06fbc5bb76a58c5ca4','JohnBat26@gmail.com','no','yes',1,NULL),(25,'Yoskaldyr','0388ab8422a85a818e03f85bfa629863','yoskaldyr@gmail.com','no','yes',1,NULL),(26,'voff','abb513500674eb89f68f997d11da5cbf','avovik@gmail.com','no','yes',1,NULL),(27,'a1va','e906be1d3d701cb80a944da1759e4206','a1va@live.com','no','yes',1,NULL),(28,'alexk24','bc88e68e401769d3a3b57c64e86cc518','alexk24@yandex.ru','no','yes',1,NULL),(29,'yonsy','5120e8d3632f55a02382b605602cd867','yonsy@apesol.org.pe','no','yes',1,NULL),(30,'scorpion','2e7da0ddfc772d8a2f731d9f0b1cdbb3','scorpius@helljoy.ru','no','yes',1,NULL),(31,'meganuke','a83cdcaebbbb4fd0af42982a1de556da','meganuke@meganuke.ru','no','yes',1,NULL),(32,'sashainvalid','e98c46e8c3e34e607edc728bc3de638f','sasha-invalid@narod.ru','no','yes',1,NULL),(33,'voron','06344f784a490df494278d65949afd29','voron@amhost.net','no','yes',1,NULL),(34,'mefish','84be3142f7e172090afaac9a1a3af4b3','inatack@ukr.net','no','yes',1,NULL),(35,'alextam','098f6bcd4621d373cade4e832627b4f6','at@enterra.ru','no','yes',1,NULL),(36,'Alexey Wasilyev','dec01e70653cf8cd527193f734bd36c6','alexey@wasilyev.ru','no','yes',1,NULL),(37,'FlowSu','fd1692087bacd85f03ba08d163184a53','repobuild.com@dubrovskiy.net','no','yes',1,NULL),(38,'WilderMesser','e12a06d655fcb6d4f777bf82ee2e7923','lapuhov.alex@gmail.com','no','yes',1,NULL),(39,'user','ee11cbb19052e40b07aac0ca060c23ee','user','no','yes',1,NULL),(40,'wadic','c2ccb113182cf12a41b2efb5d713f536','wadic@mail.ru','no','yes',1,NULL),(41,'Alik','357a08bca3844f483962e50c27418192','alik_j@mail.ru','no','yes',1,NULL),(42,'keepclean','a9b45175ad37f7252337d0b85e936819','r.uldashev@gmail.com','no','yes',1,NULL),(43,'evgenom','a6aba082883895b73e68fd00e12a66dc','eo@anahoret.com','no','yes',1,NULL),(44,'liom','a2dded8988b5782005ef2eaccb1d5c70','liom.kz@gmail.com','no','yes',1,NULL),(45,'Fil0sOFF','b44fd139037e54016131e16db7bff0c7','Fil0sOFF@pochta.ru','no','yes',1,'2013-04-25 16:00:16'),(46,'Sadok','2cddc633336706fa913aee3149bbce76','ivanoff@gmail.com','no','yes',1,'2013-04-25 18:27:52'),(47,'ZemieL','1c8491a30d62d3d30f1a8c10ea34b30c','sjury@ukr.net','no','yes',1,'2013-04-25 20:16:09'),(48,'sklochkov','5dfd7779944ec0f8cbd388ace280517b','sklochkov.mail@gmail.com','no','yes',1,'2013-04-25 20:33:26'),(49,'repo','89bb6900736548ebd6455d0ab07aa5fe','utux@ukr.net','no','yes',1,'2013-04-26 00:25:04'),(50,'jools','aca359aa2b6b6311a8a896f81aa9c036','jools333@gmail.com','no','yes',1,'2013-04-26 16:39:19'),(51,'hostingbloger','3666bc3d159cb408a45304b1c9a30a00','hostingbloger@gmail.com','no','yes',1,'2013-04-26 18:36:14'),(52,'spawnperm','293061b4d4db17e71093729971e5551f','spawnperm@gmail.com','no','yes',1,'2013-04-27 00:25:06'),(53,'artemeff','f4824fb323e88f65332a552aaac46aca','shatter@li.ru','no','yes',1,'2013-04-29 04:24:21'),(54,'pr0tect0r','406416abe594ca100e2e81a2c7b54203','eugen.pozdniakov@gmail.com','no','yes',1,'2013-04-29 11:36:13'),(55,'lystor','e037c75e8373d14263ec91af167b6ffe','lystor@gmail.com','no','yes',1,'2013-04-29 12:58:50'),(56,'morozsm','72bbe733cc4ce03922557bbc98f1f469','morozsm@gmail.com','no','yes',1,'2013-04-29 14:21:36'),(57,'useministrator@gmail.com','14621c3f2f4a6af9faa5a20c9aef5945','useministrator@gmail.com','no','yes',1,'2013-04-30 20:57:34'),(58,'Sov1et','202cb962ac59075b964b07152d234b70','v.v.biriukov@gmail.com','no','yes',1,'2013-05-03 14:31:25'),(59,'znferr0','4298316372af7a5fac0163d764dba02b','znferr0@gmail.com','no','yes',1,'2013-05-07 18:29:23'),(60,'Qi','cf4396dc2cfa7b92c01dd1715034bed2','killxxxvi@mail.ru','no','yes',1,'2013-05-07 20:54:09'),(61,'m157y','e7610baebaab6426fcb10861dd8a2ea6','ru.m157y@gmail.com','no','yes',1,'2013-05-08 13:35:22'),(62,'ds_shadof','260bcadb4eaf04beb77173d58563f970','msgefke@mail.ru','no','yes',1,'2013-05-08 14:25:50'),(63,'bregor','2193b4f908fa22bae3e420cf49e88c6a','pipopolam@gmail.com','no','yes',1,'2013-05-09 01:24:37'),(64,'Sergey','5a80e6c6b7ae7c46aac3b36d12006862','serg.ovsienko@gmail.com','no','yes',1,'2013-05-09 13:01:17'),(65,'vinzz','c9178f9596e36d835612ccfff53b19dd','vinzzd@gmail.com','no','yes',1,'2013-05-09 17:43:23'),(66,'ip-my','584d30037edf3588fc92a8817a147029','ip-my@ya.ru','no','yes',1,'2013-05-12 18:27:41'),(67,'ras.su','af8e9543bf2c197f48c7161e3727f033','sales@ras.su','no','yes',1,'2013-05-13 21:51:26'),(68,'Fabio Scaccabarozzi','027a4d0e4e9dc51ba8388472cedf25bb','fabio.scaccabarozzi@statusnobilis.com','no','yes',1,'2013-05-14 19:10:50'),(69,'raven_kg','3459403261666487de9783f5a6e27eec','admin@dyn.su','no','yes',1,'2013-05-15 12:38:12'),(70,'vitt','57bf3d7505c79f4336025a28ee533ba0','vitt@dr.com','no','yes',1,'2013-05-19 22:03:34'),(71,'Maverick','d11399df2ddc43b45e17b0eff977bf86','alexey.musev@gmail.com','no','yes',1,'2013-05-21 19:27:41'),(72,'haven','c6d223261b91f977ec5517e3bc147733','haven@thehavennet.org.uk','no','yes',1,'2013-05-27 16:55:25'),(73,'sydykovm','e74df3be1dcb9b9fcff330232034b2d7','sydykovm@gmail.com','no','yes',1,'2013-05-30 13:26:57'),(74,'artyomdam','f71008d2c3e5375f42c0e021c0cac7cd','artyom@web-pick.com','no','yes',1,'2013-05-30 18:10:46'),(75,'Demon13','c8e785692e65cf27140a1c0b14818ae9','demon13@mail.ru','no','yes',1,'2013-06-04 23:04:09'),(76,'itsme','0a48217c2fa14d3f18de33f99cef7182','wicked@mail.ru','no','yes',1,'2013-06-10 18:57:27'),(77,'amok','6e67bfa89552fcbe4b435c2e133ab1e6','chris@pkr.com','no','yes',1,'2013-06-14 17:42:51'),(78,'hlx98007','83b6cb58161e716455bdbd8771da7851','hlx98007@gmail.com','no','yes',1,'2013-06-16 15:55:18'),(79,'shinko','3e1c8ce47eca4f4da99cc42f2a2e600d','shinko168@gmail.com','no','yes',1,'2013-06-17 11:01:57'),(80,'madfrog','94582a2aae9d4b9d81bdc3579f30710d','huyang1532@gmail.com','no','yes',1,'2013-06-17 20:51:43'),(81,'MSV','5f6fd50275370ccd082b6113549f2c0c','msv.srg@gmail.com','no','yes',1,'2013-06-20 01:15:33'),(82,'mannerghaim','004882af6d5596f2eb5dd91aceb61cc6','ichered@gmail.com','no','yes',1,'2013-06-20 12:54:20'),(83,'PHPSID','fcea920f7412b5da7be0cf42b8c93759','phpsid@bk.ru','no','yes',1,'2013-06-22 02:25:02'),(84,'qwerty1','6dbd0fe19c9a301c4708287780df41a2','qwerty1@ya.ru','no','yes',1,'2013-06-25 22:53:54'),(85,'vint21h','2f1268d91c7d7fbdec19c7550ee9dad2','vint21h@vint21h.pp.ua','no','yes',1,'2013-06-26 16:55:09'),(86,'magera','8122b59302440ba345ce1bf26a17c642','margerkin@gmail.com','no','yes',1,'2013-07-03 18:13:09'),(87,'sp1tf1r3','75acbf1ee8e547efef7b84d8016c75e5','real.azazello@gmail.com','no','yes',1,'2013-07-10 23:15:31'),(88,'sokol2007','a1bba6ef4a136df6da5261419e065c7c','sokol2007@list.ru','no','yes',1,'2013-07-12 23:30:57'),(89,'SBlackWolf','1eff925bfa9d1def8e8f29a5a09f884b','SBlackWolf@yandex.ru','no','yes',1,'2013-07-17 20:21:15'),(90,'synka','c95dce6eef053b045231a601c477c23c','albin@synka.nu','no','yes',1,'2013-07-17 22:36:52'),(91,'rudenko','25e89a6628bfb0d56b65122b965b71a6','rudenko@delta-x.ua','no','yes',1,'2013-07-21 12:02:21'),(92,'vadvad','32087280bee88dee1c8de2866a4ec27c','vadvad@lenin.ru','no','yes',1,'2013-07-24 18:47:24'),(93,'x09','2d28cc9d98248e6d19d6bef8810072f7','shevtsov.anton@gmail.com','no','yes',1,'2013-07-26 21:10:14'),(94,'wmmonitor','9b48e1ee9ddc659dd72e34f343129169','wmmonitor@inbox.ru','no','yes',1,'2013-07-29 18:01:19'),(95,'yhdezalvarez@gmail.com','d6b234011ec7ad58b8cf35cbfc33fb46','yhdezalvarez@gmail.com','no','yes',1,'2013-08-02 19:46:04'),(96,'dematron','3ddb844f9bb8a46a35f660cbd7558206','iliklu@yandex.ru','no','yes',1,'2013-08-04 15:34:46'),(97,'bocharov_Ser','658a7025fe390aae8208856669fa7a69','bocharov_ser@mail.ru','no','yes',1,'2013-08-09 14:32:02'),(98,'sirCam','f932c258369faa1da1142cb69b90f973','sirCam@inbox.ru','no','yes',1,'2013-08-12 09:58:43'),(99,'fury','6c3377f0562120ec0fd80cbfff1738bc','fury@xibase.com','no','yes',1,'2013-08-16 03:02:23'),(100,'sysatrium','4e0a37f126a4b8cd2afa0db5d237740d','sysatrium@gmail.com','no','yes',1,'2013-08-20 12:45:19'),(101,'levnovikov','d0f9614bc072aeaf42cde188db9a1475','levnovikov@gmail.com','no','yes',1,'2013-08-27 23:28:54'),(102,'schi_svetlin','3fdf5314ff992cd330aacc61a183b49b','schi_svetlin@mail.ru','no','yes',1,'2013-09-03 15:03:46'),(103,'dimariqe','0186a608100d5a65c15f7bf1c40f186d','public@dimariqe.ru','no','yes',1,'2013-09-23 15:16:48'),(104,'EkaterinaMip','2fa64e3999dbe818112e3edd757c51d3','meelinguiben1979@yandex.com','no','yes',1,'2013-09-24 22:44:35'),(105,'flexoadm','03082661d1c939f2c2f140669be047ab','info@ssbnn.ru','no','yes',1,'2013-09-27 20:07:42'),(106,'amanita','6ebe76c9fb411be97b3b0d48b791a7c9','toandruha@ya.ru','no','yes',1,'2013-09-30 12:54:06'),(107,'pinicilin2006','9f79f528058c4db51411ab15b7c90534','pinicilin2006@ya.ru','no','yes',1,'2013-09-30 13:08:37'),(108,'RJ','7e3f0a267d89b2b8ebda26f3746e5df4','russjura@gmail.com','no','yes',1,'2013-09-30 13:21:51');
/*!40000 ALTER TABLE `users` ENABLE KEYS */;
UNLOCK TABLES;
/*!40103 SET TIME_ZONE=@OLD_TIME_ZONE */;

/*!40101 SET SQL_MODE=@OLD_SQL_MODE */;
/*!40014 SET FOREIGN_KEY_CHECKS=@OLD_FOREIGN_KEY_CHECKS */;
/*!40014 SET UNIQUE_CHECKS=@OLD_UNIQUE_CHECKS */;
/*!40101 SET CHARACTER_SET_CLIENT=@OLD_CHARACTER_SET_CLIENT */;
/*!40101 SET CHARACTER_SET_RESULTS=@OLD_CHARACTER_SET_RESULTS */;
/*!40101 SET COLLATION_CONNECTION=@OLD_COLLATION_CONNECTION */;
/*!40111 SET SQL_NOTES=@OLD_SQL_NOTES */;

-- Dump completed on 2013-09-30 13:30:10
